cond,day,file,fov,latCV_S.o,biomass_S.o,latCV_A.n,biomass_A.n,latCV_Vd/Vp,biomass_Vd/Vp,latCV_F.n,biomass_F.n,latCV_P.g,biomass_P.g,FnPg_patch_M1,FnPg_3d_M1
CH,1,220518_HOBIC22_5Spezies_FISH_Tag1,0,0.4498455822467804,319964.125,0.40964648127555847,383840.90625,0.485299676656723,381993.65625,0.35634955763816833,193624.84375,0.5797332525253296,227819.0625,0.9999752640724182,0.7518453001976013
CH,1,220601_HOBIC22_5Spezies_FISH_Tag1,0,0.8406908512115479,176913.171875,0.5638414621353149,253690.640625,0.908347487449646,210003.75,0.44283148646354675,176888.328125,0.66666179895401,155905.15625,0.9979581832885742,0.6253966093063354
CH,1,220720_HOBIC22_5Spezies_FISH_Tag1,0,0.7008100152015686,348476.625,0.9024050235748291,357468.5,0.5914044976234436,474429.28125,1.0492668151855469,94257.34375,0.5295124650001526,447934.9375,0.7881273627281189,0.1782316416501999
CH,1,220518_HOBIC22_5Spezies_FISH_Tag1,1,0.49539127945899963,389222.15625,0.3854227662086487,464780.375,0.5617163777351379,433366.375,0.4206109941005707,187872.90625,0.5172433853149414,287931.96875,0.9995256662368774,0.6902883052825928
CH,1,220601_HOBIC22_5Spezies_FISH_Tag1,1,0.6385446190834045,265301.0625,0.7674508690834045,283802.34375,0.9434078335762024,258727.734375,0.46298831701278687,174885.46875,0.9196932315826416,159102.34375,0.9973182082176208,0.6830559372901917
CH,1,220720_HOBIC22_5Spezies_FISH_Tag1,1,0.686315655708313,364082.5625,0.7753026485443115,452488.0,0.5906347036361694,482524.4375,0.8255164623260498,121737.671875,0.42052602767944336,574677.5,0.9205083847045898,0.2145463079214096
CH,1,220518_HOBIC22_5Spezies_FISH_Tag1,2,0.4558950364589691,278714.0,0.3837318420410156,373649.21875,0.3548325300216675,452853.125,0.4221709072589874,124053.5234375,0.5332780480384827,242106.265625,0.9993481040000916,0.6227222084999084
CH,1,220601_HOBIC22_5Spezies_FISH_Tag1,2,0.8157584071159363,140078.3125,0.526631772518158,226911.015625,1.3535232543945312,155413.1875,0.6593791246414185,130611.6328125,0.9528912305831909,106742.6640625,0.9848781228065491,0.8306025266647339
CH,1,220720_HOBIC22_5Spezies_FISH_Tag1,2,0.8206197023391724,331734.84375,0.8930783271789551,368567.5625,0.6303145885467529,472347.25,1.160547137260437,83418.203125,0.5246893763542175,465573.09375,0.7221846580505371,0.15223141014575958
CH,1,220518_HOBIC22_5Spezies_FISH_Tag1,3,0.49375414848327637,350748.8125,0.35842183232307434,544851.3125,0.29093894362449646,754208.3125,0.4433659017086029,160682.03125,0.49743571877479553,338211.0625,0.9993118643760681,0.53278648853302
CH,1,220601_HOBIC22_5Spezies_FISH_Tag1,3,0.868549644947052,156204.28125,0.4412660300731659,238446.859375,1.14767324924469,153129.734375,0.5431910753250122,158641.421875,1.0462356805801392,108865.8125,0.9978892207145691,0.879810094833374
CH,1,220720_HOBIC22_5Spezies_FISH_Tag1,3,0.5770897269248962,397135.90625,0.9487434029579163,374460.78125,0.6354795694351196,409903.375,0.8514236211776733,133731.78125,0.49150240421295166,488671.3125,0.9157889485359192,0.21719272434711456
CH,1,220518_HOBIC22_5Spezies_FISH_Tag1,4,0.8769230842590332,220714.796875,0.38895928859710693,259655.65625,1.2668770551681519,146947.75,0.4696924388408661,156518.484375,0.9225935935974121,122707.390625,0.9982831478118896,0.7778106927871704
CH,1,220601_HOBIC22_5Spezies_FISH_Tag1,4,0.7977944612503052,139583.40625,0.5517645478248596,224129.0625,1.2754050493240356,157920.53125,0.5898756980895996,140317.796875,1.020669937133789,99130.3671875,0.9966772198677063,0.814593493938446
CH,1,220518_HOBIC22_5Spezies_FISH_Tag1,5,0.6300504207611084,253331.09375,0.3954288065433502,264167.5,0.9559014439582825,200566.875,0.45992180705070496,152118.9375,0.7874554991722107,144638.578125,0.9950143694877625,0.7926241159439087
CH,6,240416_HOBIC22_5Spezies_FISH_Tag6,0,0.34993764758110046,1075116.625,0.4380200505256653,771156.3125,0.30117741227149963,1808495.5,0.5278131365776062,349741.21875,0.6727448105812073,332408.65625,0.9969943761825562,0.6540376543998718
CH,6,240416_HOBIC22_5Spezies_FISH_Tag6,1,0.371313214302063,860409.25,0.44695034623146057,743059.0625,0.30054810643196106,1649311.5,0.47185662388801575,388943.8125,0.5416646003723145,444118.125,0.9995197653770447,0.6234385967254639
CH,6,240416_HOBIC22_5Spezies_FISH_Tag6,2,0.3656378388404846,850302.375,0.41935834288597107,861418.5625,0.36549216508865356,1722732.75,0.4625268578529358,410698.21875,0.4463595449924469,529937.3125,0.9994715452194214,0.5239304304122925
CH,6,240416_HOBIC22_5Spezies_FISH_Tag6,3,0.3925929367542267,603550.5,0.46416085958480835,711774.375,0.32876595854759216,1251490.375,0.4759075343608856,382736.9375,0.5957726836204529,307242.28125,0.9942961931228638,0.6562544107437134
CH,6,240416_HOBIC22_5Spezies_FISH_Tag6,4,0.26074543595314026,1116440.625,0.3615947365760803,895571.625,0.22098834812641144,1703802.0,0.4155081808567047,387615.375,0.5137253999710083,458387.28125,0.9998324513435364,0.5491936206817627
CH,10,240416_HOBIC22_5Spezies_FISH_Tag10,0,0.7053602933883667,121409.5,0.8432309627532959,139009.578125,1.0814650058746338,127929.9140625,1.0252125263214111,70552.4296875,1.5482062101364136,55735.97265625,0.787041962146759,0.3862556517124176
CH,10,240416_HOBIC22_5Spezies_FISH_Tag10,1,0.7381454110145569,154656.046875,0.6078891754150391,201300.296875,1.1868890523910522,151293.921875,1.1507676839828491,68586.0078125,1.99455726146698,42680.33203125,0.9332752227783203,0.5905120372772217
CH,10,240416_HOBIC22_5Spezies_FISH_Tag10,2,1.3500045537948608,244343.59375,0.6475225687026978,353682.8125,1.0654211044311523,335101.28125,1.1387678384780884,134078.296875,2.534529685974121,102018.5,0.9483916759490967,0.9440982937812805
CH,10,240416_HOBIC22_5Spezies_FISH_Tag10,3,0.9369587898254395,209585.15625,0.7528833150863647,274828.3125,0.9013980627059937,218780.890625,1.0283279418945312,134043.265625,1.3099217414855957,225887.015625,0.9724043011665344,0.42322129011154175
CH,10,240416_HOBIC22_5Spezies_FISH_Tag10,4,1.0605731010437012,105874.1171875,0.5070585608482361,297342.03125,1.2621020078659058,169163.9375,1.3369144201278687,115743.8828125,0.6643247604370117,160350.5625,0.8020200133323669,0.6001138091087341
CH,10,240416_HOBIC22_5Spezies_FISH_Tag10,5,0.6124366521835327,213541.578125,0.16449451446533203,1707478.0,0.40821555256843567,774083.0,0.1896446943283081,1284756.625,0.25323083996772766,930960.125,0.9999054074287415,0.938477098941803
CH,10,240416_HOBIC22_5Spezies_FISH_Tag10,6,0.3149714171886444,522149.28125,0.3025313913822174,711915.9375,0.4198418855667114,416346.65625,0.22901847958564758,528568.25,0.5635371804237366,224911.5,1.0,0.9059741497039795
CH,10,240416_HOBIC22_5Spezies_FISH_Tag10,7,0.7413148283958435,165776.9375,0.6252371072769165,217301.390625,1.7392966747283936,137076.296875,0.723646342754364,116339.9609375,1.0936251878738403,87717.8515625,0.9718390107154846,0.7614501118659973
CH,10,240416_HOBIC22_5Spezies_FISH_Tag10,8,0.7896504402160645,143806.84375,0.6864782571792603,192805.34375,2.69970440864563,105609.8046875,0.8301205039024353,93392.9296875,1.013981580734253,99152.390625,0.9577428698539734,0.6363929510116577
CH,10,240416_HOBIC22_5Spezies_FISH_Tag10,9,0.7274638414382935,166171.671875,0.6671075224876404,203946.953125,2.0573596954345703,121444.640625,0.7770745158195496,104782.890625,1.098307728767395,93103.875,0.9703624844551086,0.6884533166885376
CH,10,240416_HOBIC22_5Spezies_FISH_Tag10,10,0.8394993543624878,204721.03125,0.600238025188446,280774.75,1.9804617166519165,223768.515625,0.6797604560852051,140859.78125,1.1929750442504883,123405.1953125,0.9846692681312561,0.8076496720314026
CH,10,240416_HOBIC22_5Spezies_FISH_Tag10,11,0.7007851600646973,209048.234375,0.7254460453987122,228394.71875,1.960511326789856,181050.375,0.7868421077728271,114766.640625,1.1920781135559082,99086.2421875,0.9670708179473877,0.7080448865890503
CH,10,240416_HOBIC22_5Spezies_FISH_Tag10,12,0.4643855392932892,517993.34375,0.488804429769516,495411.9375,1.434453010559082,354033.375,0.5360667705535889,272002.6875,0.7109035849571228,231943.421875,0.9956120252609253,0.6690311431884766
CH,10,240416_HOBIC22_5Spezies_FISH_Tag10,13,0.7993456721305847,239927.8125,0.24330297112464905,983977.5625,1.4595893621444702,304434.6875,0.2986368238925934,594298.0625,0.33006975054740906,870373.0,1.0,0.9999873638153076
CH,10,240416_HOBIC22_5Spezies_FISH_Tag10,14,0.7745289206504822,227600.90625,0.3364032804965973,769681.75,1.9686884880065918,222924.828125,0.3723054826259613,453811.5,0.34385085105895996,604161.125,1.0,0.5525566935539246
CH,15,220817_HOBIC22_5Spezies_FISH_Tag15,0,0.4078572690486908,829023.3125,0.4095268249511719,859812.75,0.5051670074462891,726156.3125,0.4485691487789154,386508.375,0.383307546377182,822197.3125,0.9999585151672363,0.25969216227531433
CH,15,240416_HOBIC22_5Spezies_FISH_Tag15,0,0.6863187551498413,258177.171875,0.7215004563331604,220234.53125,3.430987596511841,102252.75,0.9351247549057007,79209.671875,1.1825568675994873,112317.1328125,0.835367739200592,0.447746604681015
CH,15,220817_HOBIC22_5Spezies_FISH_Tag15,1,0.36384257674217224,695719.125,0.4571548104286194,742845.125,0.5250303745269775,596882.625,0.473785400390625,366483.4375,0.3982155919075012,653967.3125,0.9999222159385681,0.2394140064716339
CH,15,240416_HOBIC22_5Spezies_FISH_Tag15,1,0.6361782550811768,325881.15625,0.6873985528945923,289760.4375,2.0186336040496826,179537.046875,0.8878213167190552,124109.703125,1.656821608543396,118185.4453125,0.943159818649292,0.5705471634864807
CH,15,220817_HOBIC22_5Spezies_FISH_Tag15,2,0.35280248522758484,652650.6875,0.49181461334228516,665492.5625,0.4875353276729584,608130.0,0.46252942085266113,331654.75,0.48179373145103455,489102.34375,0.9993011951446533,0.3209927976131439
CH,15,240416_HOBIC22_5Spezies_FISH_Tag15,2,0.5384971499443054,448439.90625,0.6365873217582703,366287.5,1.6769311428070068,237540.515625,0.8849743604660034,169870.3125,1.215702772140503,129199.2578125,0.9357004165649414,0.672572910785675
CH,15,220817_HOBIC22_5Spezies_FISH_Tag15,3,0.2833405137062073,1061405.5,0.43917301297187805,928253.625,0.41435325145721436,961549.4375,0.4053507447242737,453821.3125,0.4055462181568146,659444.4375,0.9999980926513672,0.3370199501514435
CH,15,240416_HOBIC22_5Spezies_FISH_Tag15,3,0.355945885181427,758918.125,0.4176618158817291,636385.25,0.6584717035293579,586746.8125,0.49817976355552673,306783.78125,0.922238290309906,201983.90625,0.9989628195762634,0.7843263149261475
CH,15,220817_HOBIC22_5Spezies_FISH_Tag15,4,0.4536125063896179,362293.53125,0.35814207792282104,505671.46875,0.3766379654407501,518794.46875,0.37114307284355164,297793.625,0.5442570447921753,287427.21875,0.9999837875366211,0.47575539350509644
CH,15,240416_HOBIC22_5Spezies_FISH_Tag15,4,0.4842023253440857,692803.0625,0.5644727945327759,558689.3125,0.7867794036865234,478766.21875,0.5846942067146301,266969.4375,1.0654737949371338,180865.5,0.9910832643508911,0.7777906656265259
CH,15,220817_HOBIC22_5Spezies_FISH_Tag15,5,0.564811646938324,363741.53125,0.3611887991428375,559520.4375,0.41064444184303284,567498.4375,0.38159456849098206,287559.65625,0.5237271189689636,330386.96875,0.999991238117218,0.43770769238471985
CH,15,240416_HOBIC22_5Spezies_FISH_Tag15,5,0.5814129710197449,280065.1875,0.7165480256080627,254877.875,1.1734428405761719,200302.6875,0.8600035905838013,107390.6171875,0.8221874833106995,160373.796875,0.9108185768127441,0.3483743965625763
CH,15,220817_HOBIC22_5Spezies_FISH_Tag15,6,0.3272497057914734,593580.9375,0.41473788022994995,549146.375,0.41560858488082886,563158.8125,0.44588351249694824,310704.03125,0.5230660438537598,321279.1875,0.9998989701271057,0.3715258836746216
CH,15,240416_HOBIC22_5Spezies_FISH_Tag15,6,0.6735206246376038,258069.375,0.7036325335502625,240503.578125,1.5239121913909912,176188.875,1.078754186630249,68027.3515625,1.2066576480865479,118042.9140625,0.7783260941505432,0.30667221546173096
CH,15,240416_HOBIC22_5Spezies_FISH_Tag15,7,0.5747269988059998,298539.03125,0.6520079970359802,262135.421875,1.3287484645843506,206232.203125,0.9394068121910095,78665.5859375,1.048604130744934,126314.125,0.8460803031921387,0.3540916442871094
CH,15,240416_HOBIC22_5Spezies_FISH_Tag15,8,0.5207070708274841,397235.46875,0.6326011419296265,326039.34375,0.9680889248847961,285281.625,0.8622967600822449,102686.265625,0.9519277215003967,160546.796875,0.9233731031417847,0.3652103543281555
CH,21,220817_HOBIC22_5Spezies_FISH_Tag21,0,0.5244630575180054,249372.953125,0.34741172194480896,378982.1875,0.5039804577827454,257991.03125,0.38459742069244385,225692.90625,0.5991906523704529,173232.609375,0.999970555305481,0.5981695652008057
CH,21,240416_HOBIC22_5Spezies_FISH_Tag21,0,0.7612031102180481,304444.9375,0.6406394243240356,317502.1875,1.029348611831665,317259.75,0.6101948022842407,153853.328125,0.6501424312591553,290982.0625,0.9979260563850403,0.2762688994407654
CH,21,220817_HOBIC22_5Spezies_FISH_Tag21,1,0.27422210574150085,940125.6875,0.3409344255924225,940028.3125,0.43797269463539124,688981.5625,0.4185117185115814,359045.28125,0.38246357440948486,696264.125,0.9999867677688599,0.1854320615530014
CH,21,240416_HOBIC22_5Spezies_FISH_Tag21,1,0.6173097491264343,372449.46875,0.5747789144515991,375870.0,1.8477931022644043,217630.375,0.5349394083023071,177961.03125,0.5909785032272339,319320.4375,0.9997793436050415,0.25936785340309143
CH,21,220817_HOBIC22_5Spezies_FISH_Tag21,2,0.3034292161464691,868830.5,0.5189821124076843,781864.5,0.6062399744987488,612926.25,0.6000492572784424,279091.34375,0.5153012275695801,601186.375,0.9946230053901672,0.1508721113204956
CH,21,240416_HOBIC22_5Spezies_FISH_Tag21,2,0.7023829221725464,323599.21875,0.5077089071273804,437347.875,1.472228765487671,232546.65625,0.5732212066650391,197502.5,0.5603457093238831,337027.90625,0.9989356398582458,0.31847429275512695
CH,21,220817_HOBIC22_5Spezies_FISH_Tag21,3,0.3936396837234497,470921.46875,0.3990500271320343,543264.9375,0.4203477203845978,506736.5,0.45265451073646545,244994.1875,0.477944940328598,395461.59375,0.9999537467956543,0.2784261703491211
CH,21,240416_HOBIC22_5Spezies_FISH_Tag21,3,0.6868454217910767,313921.6875,0.5882444977760315,358672.65625,2.1949310302734375,160308.34375,0.6016435623168945,161970.5,0.6149599552154541,309050.875,0.9949460625648499,0.25641125440597534
CH,21,240416_HOBIC22_5Spezies_FISH_Tag21,4,0.8594295978546143,313130.125,0.544443666934967,387333.875,2.0511856079101562,172808.03125,0.6000312566757202,156331.109375,0.6325279474258423,313140.03125,0.9860896468162537,0.30556827783584595
CH,21,240416_HOBIC22_5Spezies_FISH_Tag21,5,0.7185057997703552,298158.46875,0.6769884824752808,300936.96875,2.5015618801116943,147113.78125,0.6791654229164124,133028.65625,0.7014039158821106,259895.03125,0.9867922067642212,0.25105807185173035
CH,21,240416_HOBIC22_5Spezies_FISH_Tag21,6,0.6379185914993286,277480.84375,0.5326796770095825,341382.5,1.2999107837677002,193894.625,0.5694087743759155,154265.328125,0.7263177633285522,207175.953125,0.9962160587310791,0.3859114348888397
CH,21,240416_HOBIC22_5Spezies_FISH_Tag21,7,0.6166889667510986,275615.25,0.5639105439186096,304829.21875,1.3914096355438232,172456.4375,0.6736646294593811,124736.2109375,0.9035192728042603,157457.8125,0.9532478451728821,0.35041382908821106
CH,21,240416_HOBIC22_5Spezies_FISH_Tag21,8,0.6538904905319214,306383.71875,0.6061549186706543,338278.875,1.6742210388183594,190436.109375,0.5914995074272156,162804.28125,0.6606539487838745,272434.34375,0.9943680167198181,0.29126790165901184
CH,21,240416_HOBIC22_5Spezies_FISH_Tag21,9,0.5131033658981323,408996.03125,0.7446878552436829,291574.8125,3.2334654331207275,130148.9140625,0.7990406155586243,106487.59375,0.8661954998970032,201375.125,0.9871301054954529,0.6539035439491272
CH,21,240416_HOBIC22_5Spezies_FISH_Tag21,10,0.8617466688156128,186869.609375,0.7629978656768799,195084.375,3.302410840988159,66540.5625,0.8850479125976562,63890.875,0.9836367964744568,129833.140625,0.9181786179542542,0.768440306186676
CH,21,240416_HOBIC22_5Spezies_FISH_Tag21,11,0.6335329413414001,298397.90625,0.6983415484428406,254988.03125,2.8289101123809814,114209.75,0.6731990575790405,107950.5,0.7573056221008301,190297.15625,0.9948980212211609,0.8926454782485962
DH,1,241203_HOBIC24_5Spezies_FISH_Tag1,0,0.5363914966583252,324900.65625,0.3918030261993408,308498.84375,1.2881418466567993,209269.515625,0.6407044529914856,134172.53125,1.0716580152511597,94200.4375,0.9793204665184021,0.8718764781951904
DH,1,241203_HOBIC24_5Spezies_FISH_Tag1,1,0.5938239097595215,272118.84375,0.5101816058158875,283814.0,1.1908752918243408,172261.484375,0.700727641582489,130636.96875,2.2446768283843994,55312.375,0.9838225245475769,0.9301823377609253
DH,1,241203_HOBIC24_5Spezies_FISH_Tag1,2,0.5254688858985901,1000267.4375,0.3267253637313843,948615.625,1.3277572393417358,503170.8125,0.6056172847747803,460768.46875,1.303043007850647,202589.734375,0.999617338180542,0.9643229246139526
DH,1,241203_HOBIC24_5Spezies_FISH_Tag1,3,0.5936288833618164,624957.0,0.274583101272583,1098639.125,1.1424901485443115,507005.84375,0.41517898440361023,619895.4375,0.9937483668327332,315241.3125,0.9999621510505676,0.8763018250465393
DH,1,241203_HOBIC24_5Spezies_FISH_Tag1,4,0.4269507825374603,1041818.625,0.30267730355262756,1076473.5,1.3597304821014404,603596.625,0.5336328744888306,463247.40625,0.8206478357315063,358153.125,0.9996345639228821,0.8353207111358643
DH,1,241203_HOBIC24_5Spezies_FISH_Tag1,5,0.3638114929199219,1494222.875,0.3056122660636902,887653.8125,1.0136924982070923,559716.1875,0.34666764736175537,588183.1875,1.1485294103622437,169500.140625,1.0000001192092896,1.0000001192092896
DH,1,241203_HOBIC24_5Spezies_FISH_Tag1,6,0.5873149633407593,686437.75,0.28736183047294617,1035647.875,1.5005974769592285,388309.03125,0.44651657342910767,587480.3125,0.9031928181648254,323905.0625,0.9998776912689209,0.8794562816619873
DH,6,241018_HOBIC24_5Spezies_FISH,0,0.33784085512161255,601832.4375,0.35186800360679626,839436.3125,0.3776389956474304,680683.0625,0.4543760418891907,266095.6875,0.3798074722290039,827695.0625,0.9991061091423035,0.24235525727272034
DH,6,241018_HOBIC24_5Spezies_FISH,13,0.3276180624961853,793961.5,0.29742196202278137,926663.5,0.34263160824775696,914632.4375,0.4522302746772766,253409.6875,0.4704824984073639,523831.15625,0.9996496438980103,0.30491405725479126
DH,6,241018_HOBIC24_5Spezies_FISH,14,0.24082216620445251,2519163.0,0.1934642195701599,2857975.0,0.23577481508255005,2865328.0,0.2787044942378998,746734.6875,0.32617196440696716,1632327.125,1.0,0.2883262634277344
DH,10,241018_HOBIC24_5Spezies_FISH,3,0.30409666895866394,903245.75,0.35324791073799133,979248.8125,0.389875203371048,1030410.6875,0.3406141400337219,488111.875,0.3807491958141327,878660.375,1.0,0.27096375823020935
DH,10,241018_HOBIC24_5Spezies_FISH,15,0.31494298577308655,859612.125,0.3228897154331207,997853.75,0.30601489543914795,1084916.5,0.356727659702301,400442.78125,0.39211198687553406,827216.1875,1.0,0.19621334969997406
DH,10,241018_HOBIC24_5Spezies_FISH,16,0.31104129552841187,855215.375,0.31153494119644165,980723.9375,0.30386608839035034,1057993.75,0.3647558391094208,384560.875,0.39194613695144653,780698.875,1.0,0.2021087110042572
DH,15,241018_HOBIC24_5Spezies_FISH,1,0.4338141679763794,418955.125,0.35658586025238037,930585.625,0.2540159523487091,1066270.625,0.29632097482681274,617329.6875,0.3390911817550659,810145.25,1.0,0.4191226065158844
DH,15,241018_HOBIC24_5Spezies_FISH,17,0.34535765647888184,691261.3125,0.2810855805873871,987248.875,0.2908262014389038,988720.625,0.32015806436538696,424388.5,0.3457089066505432,769125.8125,1.0,0.22756172716617584
DH,21,241018_HOBIC24_5Spezies_FISH,2,0.34078288078308105,820236.75,0.30516505241394043,1102297.0,0.3032374978065491,1145731.375,0.26606234908103943,616286.5,0.32139337062835693,1088472.5,1.0,0.2776196300983429
DH,21,241018_HOBIC24_5Spezies_FISH,18,0.41568756103515625,714666.5625,0.32389432191848755,957345.3125,0.25483018159866333,1215188.125,0.3105933368206024,446292.40625,0.408532977104187,759481.5,1.0,0.38546857237815857
