biovolume_um3,mean_thickness_um,roughness_Ra,coverage,file,series,fov,condition,day,species,threshold
73756.07089955597,0.5915264320612118,0.254710445340357,0.38688087463378906,220518_HOBIC22_5Spezies_FISH_Tag1.lif,0,92 1,CH,1,S.oralis,0.5457552075386047
46367.91373396089,0.544267442221244,0.14875122257763126,0.26433753967285156,220518_HOBIC22_5Spezies_FISH_Tag1.lif,0,92 1,CH,1,A.naeslundii,0.672656238079071
15218.496192582144,0.5963636740298219,0.266044143722589,0.07917976379394531,220518_HOBIC22_5Spezies_FISH_Tag1.lif,0,92 1,CH,1,Vd/Vp,0.8930729627609253
64421.04090639571,0.5983356457520332,0.2699868332407241,0.33406925201416016,220518_HOBIC22_5Spezies_FISH_Tag1.lif,0,92 1,CH,1,F.nucleatum,0.27358072996139526
51410.709022736446,0.5600261129990791,0.18976505646548303,0.2848386764526367,220518_HOBIC22_5Spezies_FISH_Tag1.lif,0,92 1,CH,1,P.gingivalis,0.5378443598747253
86413.03498503244,0.6185013382142329,0.2986756838815364,0.4335031509399414,220518_HOBIC22_5Spezies_FISH_Tag1.lif,1,92 2,CH,1,S.oralis,0.5949580669403076
43963.69026808281,0.544033601983881,0.14773632347230448,0.25073909759521484,220518_HOBIC22_5Spezies_FISH_Tag1.lif,1,92 2,CH,1,A.naeslundii,0.7761418223381042
14166.850251863232,0.6093377933186152,0.28814543546838256,0.07213878631591797,220518_HOBIC22_5Spezies_FISH_Tag1.lif,1,92 2,CH,1,Vd/Vp,1.1695499420166016
55992.80373563923,0.5929787274834156,0.2604820632752845,0.2929859161376953,220518_HOBIC22_5Spezies_FISH_Tag1.lif,1,92 2,CH,1,F.nucleatum,0.30297380685806274
53653.47200641613,0.5546091482419325,0.17614362220942792,0.3001680374145508,220518_HOBIC22_5Spezies_FISH_Tag1.lif,1,92 2,CH,1,P.gingivalis,0.6155368089675903
79167.14985963168,0.5767526153742807,0.22516322397878225,0.4259014129638672,220518_HOBIC22_5Spezies_FISH_Tag1.lif,2,92 3,CH,1,S.oralis,0.5519460439682007
46402.05109305427,0.5366983572347792,0.12645467357841156,0.2682628631591797,220518_HOBIC22_5Spezies_FISH_Tag1.lif,2,92 3,CH,1,A.naeslundii,0.6533983945846558
15256.016533207296,0.6197730418170241,0.3021260301286643,0.07637691497802734,220518_HOBIC22_5Spezies_FISH_Tag1.lif,2,92 3,CH,1,Vd/Vp,0.8345144987106323
62132.91521581267,0.5881346979328804,0.25088350994577124,0.3277921676635742,220518_HOBIC22_5Spezies_FISH_Tag1.lif,2,92 3,CH,1,F.nucleatum,0.19864168763160706
51153.60242632147,0.5574456391911764,0.18387355696922125,0.2847261428833008,220518_HOBIC22_5Spezies_FISH_Tag1.lif,2,92 3,CH,1,P.gingivalis,0.5542490482330322
75756.33561616243,0.5906346585830508,0.25800750654909654,0.39797306060791016,220518_HOBIC22_5Spezies_FISH_Tag1.lif,3,92 4,CH,1,S.oralis,0.6006505489349365
55648.35470694931,0.5679935835537192,0.20862730551845465,0.30399227142333984,220518_HOBIC22_5Spezies_FISH_Tag1.lif,3,92 4,CH,1,A.naeslundii,0.7190372943878174
12765.219494493313,0.5806384101330947,0.23567303374824472,0.06821441650390625,220518_HOBIC22_5Spezies_FISH_Tag1.lif,3,92 4,CH,1,Vd/Vp,1.1243185997009277
55627.903045870844,0.5819558606674661,0.2396114699636487,0.29658985137939453,220518_HOBIC22_5Spezies_FISH_Tag1.lif,3,92 4,CH,1,F.nucleatum,0.25804761052131653
53511.69432585715,0.5626065120938424,0.19643750619982156,0.2951192855834961,220518_HOBIC22_5Spezies_FISH_Tag1.lif,3,92 4,CH,1,P.gingivalis,0.6210600137710571
84739.53553001798,0.7563566234949096,0.40036329283388616,0.3476266860961914,220518_HOBIC22_5Spezies_FISH_Tag1.lif,4,92 5,CH,1,S.oralis,0.44259315729141235
63544.54114589011,0.5082189569813177,0.03071779015042764,0.3879547119140625,220518_HOBIC22_5Spezies_FISH_Tag1.lif,4,92 5,CH,1,A.naeslundii,0.6216325759887695
18363.43884203136,0.638740028010306,0.3286784287349192,0.0892038345336914,220518_HOBIC22_5Spezies_FISH_Tag1.lif,4,92 5,CH,1,Vd/Vp,0.7599387168884277
60885.9789775776,0.531488630723207,0.11022385861941879,0.35544872283935547,220518_HOBIC22_5Spezies_FISH_Tag1.lif,4,92 5,CH,1,F.nucleatum,0.3534112274646759
47980.82706517901,0.5516563400688393,0.16898119647488222,0.2698688507080078,220518_HOBIC22_5Spezies_FISH_Tag1.lif,4,92 5,CH,1,P.gingivalis,0.41347864270210266
116485.89553986739,0.6844457677839041,0.35313842890425634,0.5280656814575195,220518_HOBIC22_5Spezies_FISH_Tag1.lif,5,92 6,CH,1,S.oralis,0.4373943507671356
51381.95367971635,0.5117183465569598,0.0437168519355174,0.311553955078125,220518_HOBIC22_5Spezies_FISH_Tag1.lif,5,92 6,CH,1,A.naeslundii,0.6079995632171631
10815.699500863488,0.6103390998178823,0.28968009465957545,0.054984092712402344,220518_HOBIC22_5Spezies_FISH_Tag1.lif,5,92 6,CH,1,Vd/Vp,0.9291902780532837
54718.64987326214,0.5457356695083335,0.15177290820840145,0.31110477447509766,220518_HOBIC22_5Spezies_FISH_Tag1.lif,5,92 6,CH,1,F.nucleatum,0.3237786293029785
54781.08125971219,0.5564270518928303,0.18103298802436552,0.30547523498535156,220518_HOBIC22_5Spezies_FISH_Tag1.lif,5,92 6,CH,1,P.gingivalis,0.4315323233604431
26950.829916669118,0.619809568745538,0.30637545305880093,0.1349172592163086,220601_HOBIC22_5Spezies_FISH_Tag1.lif,0,72 1,CH,1,S.oralis,0.5268617868423462
52349.793941579905,0.5301016542223911,0.10748821158115841,0.3064146041870117,220601_HOBIC22_5Spezies_FISH_Tag1.lif,0,72 1,CH,1,A.naeslundii,0.6423931121826172
4007.141624388672,0.5773067218704335,0.22792536409052064,0.021536827087402344,220601_HOBIC22_5Spezies_FISH_Tag1.lif,0,72 1,CH,1,Vd/Vp,1.5062777996063232
61947.62009100403,0.5375569933828177,0.1288053861581441,0.35756397247314453,220601_HOBIC22_5Spezies_FISH_Tag1.lif,0,72 1,CH,1,F.nucleatum,0.3683711886405945
52816.7991648528,0.5509016321178741,0.16741066031253693,0.29747581481933594,220601_HOBIC22_5Spezies_FISH_Tag1.lif,0,72 1,CH,1,P.gingivalis,0.4166582226753235
46499.54246992454,0.6360079787278765,0.32818450749883826,0.2268505096435547,220601_HOBIC22_5Spezies_FISH_Tag1.lif,1,72 2,CH,1,S.oralis,0.5039631724357605
38925.354364053695,0.5671874111561458,0.2161458708956524,0.21294116973876953,220601_HOBIC22_5Spezies_FISH_Tag1.lif,1,72 2,CH,1,A.naeslundii,0.7356771230697632
6082.139478469824,0.58182252506542,0.23854826190514714,0.03243541717529297,220601_HOBIC22_5Spezies_FISH_Tag1.lif,1,72 2,CH,1,Vd/Vp,1.6042969226837158
60615.18668314771,0.565538120309592,0.20244143485644137,0.3325624465942383,220601_HOBIC22_5Spezies_FISH_Tag1.lif,1,72 2,CH,1,F.nucleatum,0.342043399810791
47726.795906520194,0.562741631906065,0.198707240757998,0.2631521224975586,220601_HOBIC22_5Spezies_FISH_Tag1.lif,1,72 2,CH,1,P.gingivalis,0.49359995126724243
36689.664887213185,0.5973606535555223,0.26877628941708237,0.19057273864746094,220601_HOBIC22_5Spezies_FISH_Tag1.lif,2,72 3,CH,1,S.oralis,0.3887016773223877
47487.373077203134,0.5253389859842639,0.09133279245361194,0.2804737091064453,220601_HOBIC22_5Spezies_FISH_Tag1.lif,2,72 3,CH,1,A.naeslundii,0.6112432479858398
5030.954853414336,0.6071108304588109,0.2802164213934431,0.025712013244628906,220601_HOBIC22_5Spezies_FISH_Tag1.lif,2,72 3,CH,1,Vd/Vp,1.4518229961395264
73972.88926136524,0.6098234597462618,0.28771895870017483,0.3763761520385742,220601_HOBIC22_5Spezies_FISH_Tag1.lif,2,72 3,CH,1,F.nucleatum,0.31074070930480957
44537.10563771884,0.5560294598660025,0.1802489466442494,0.24852943420410156,220601_HOBIC22_5Spezies_FISH_Tag1.lif,2,72 3,CH,1,P.gingivalis,0.41965100169181824
53812.93345407302,0.6722216988159045,0.3653314913845042,0.24838638305664062,220601_HOBIC22_5Spezies_FISH_Tag1.lif,3,72 4,CH,1,S.oralis,0.37595993280410767
57843.909721071934,0.5138102144284639,0.05143614981523064,0.3493080139160156,220601_HOBIC22_5Spezies_FISH_Tag1.lif,3,72 4,CH,1,A.naeslundii,0.5965867042541504
10707.597863734463,0.639065725606736,0.3249687473831083,0.051987648010253906,220601_HOBIC22_5Spezies_FISH_Tag1.lif,3,72 4,CH,1,Vd/Vp,0.8490450978279114
70832.09845288684,0.579268063473391,0.23276650561560752,0.3794059753417969,220601_HOBIC22_5Spezies_FISH_Tag1.lif,3,72 4,CH,1,F.nucleatum,0.3345661759376526
43831.44644456793,0.6025669727251602,0.2822382175096806,0.22570133209228516,220601_HOBIC22_5Spezies_FISH_Tag1.lif,3,72 4,CH,1,P.gingivalis,0.40000998973846436
29696.27320159315,0.6080660299698538,0.289164611617659,0.15153217315673828,220601_HOBIC22_5Spezies_FISH_Tag1.lif,4,72 5,CH,1,S.oralis,0.3882642984390259
49784.571309166844,0.51972741180925,0.07248328987902862,0.29721641540527344,220601_HOBIC22_5Spezies_FISH_Tag1.lif,4,72 5,CH,1,A.naeslundii,0.627682626247406
3993.302154485952,0.5782060836671118,0.22985138403097216,0.021429061889648438,220601_HOBIC22_5Spezies_FISH_Tag1.lif,4,72 5,CH,1,Vd/Vp,1.5506184101104736
58364.88887696544,0.5447412906279584,0.1493782048889951,0.3324413299560547,220601_HOBIC22_5Spezies_FISH_Tag1.lif,4,72 5,CH,1,F.nucleatum,0.3790420889854431
42625.721072265405,0.5541716028515027,0.17601347475299697,0.2386608123779297,220601_HOBIC22_5Spezies_FISH_Tag1.lif,4,72 5,CH,1,P.gingivalis,0.38565799593925476
50796.23655905568,0.6677924071245586,0.3692104375627015,0.23601722717285156,220720_HOBIC22_5Spezies_FISH_Tag1.lif,0,71 1,CH,1,S.oralis,0.6750090718269348
832.521000592512,0.6575926681233308,0.3523751689778051,0.003928184509277344,220720_HOBIC22_5Spezies_FISH_Tag1.lif,0,71 1,CH,1,A.naeslundii,3.854867935180664
58155.45156577094,0.6488815198529463,0.34790746367820696,0.27808570861816406,220720_HOBIC22_5Spezies_FISH_Tag1.lif,0,71 1,CH,1,Vd/Vp,0.779181957244873
39868.59112386797,0.6041915575553474,0.28284283652772363,0.2047433853149414,220720_HOBIC22_5Spezies_FISH_Tag1.lif,0,71 1,CH,1,F.nucleatum,0.3407067656517029
69359.27131146182,0.6152561799131352,0.2992290480096955,0.34978580474853516,220720_HOBIC22_5Spezies_FISH_Tag1.lif,0,71 1,CH,1,P.gingivalis,0.7064212560653687
57036.45353819212,0.6612100965255778,0.3625620311992555,0.26764965057373047,220720_HOBIC22_5Spezies_FISH_Tag1.lif,1,71 2,CH,1,S.oralis,0.6670572757720947
1578.622200236928,0.6494789833080424,0.34006238309820686,0.007541656494140625,220720_HOBIC22_5Spezies_FISH_Tag1.lif,1,71 2,CH,1,A.naeslundii,3.2980239391326904
58159.295862966144,0.6398141154909956,0.33671700789155773,0.2820453643798828,220720_HOBIC22_5Spezies_FISH_Tag1.lif,1,71 2,CH,1,Vd/Vp,0.8641927242279053
39283.33531887072,0.593481179912238,0.26264277711269673,0.20537853240966797,220720_HOBIC22_5Spezies_FISH_Tag1.lif,1,71 2,CH,1,F.nucleatum,0.3512803614139557
51382.568767267585,0.5763555903383507,0.22701905855802426,0.27661705017089844,220720_HOBIC22_5Spezies_FISH_Tag1.lif,1,71 2,CH,1,P.gingivalis,0.8184787631034851
55127.683094831424,0.7045375304917567,0.4008159971416001,0.2427835464477539,220720_HOBIC22_5Spezies_FISH_Tag1.lif,2,71 3,CH,1,S.oralis,0.6633511781692505
606.63009740256,0.6138984447900467,0.298833691090756,0.0030660629272460938,220720_HOBIC22_5Spezies_FISH_Tag1.lif,2,71 3,CH,1,A.naeslundii,4.5068359375
65360.27959712697,0.6700370987358681,0.3703563618070374,0.3026695251464844,220720_HOBIC22_5Spezies_FISH_Tag1.lif,2,71 3,CH,1,Vd/Vp,0.7982177734375
32758.17903162605,0.6018171460676695,0.27801831351042683,0.16889190673828125,220720_HOBIC22_5Spezies_FISH_Tag1.lif,2,71 3,CH,1,F.nucleatum,0.35122156143188477
67983.47423124364,0.6132427784031362,0.2962305701003724,0.34397315979003906,220720_HOBIC22_5Spezies_FISH_Tag1.lif,2,71 3,CH,1,P.gingivalis,0.7104324102401733
51046.73096429491,0.6283400646191327,0.3192428895560327,0.2520732879638672,220720_HOBIC22_5Spezies_FISH_Tag1.lif,3,71 4,CH,1,S.oralis,0.6865461468696594
1084.8606684854399,0.6349373088685016,0.32346981016348175,0.005301475524902344,220720_HOBIC22_5Spezies_FISH_Tag1.lif,3,71 4,CH,1,A.naeslundii,4.0934247970581055
65183.749469923394,0.6419970687687496,0.3382475996053281,0.3150358200073242,220720_HOBIC22_5Spezies_FISH_Tag1.lif,3,71 4,CH,1,Vd/Vp,0.7740384340286255
43007.997985356094,0.5943128986085862,0.26382149072680017,0.22453689575195312,220720_HOBIC22_5Spezies_FISH_Tag1.lif,3,71 4,CH,1,F.nucleatum,0.3889097571372986
51830.6600483401,0.5856807106017191,0.24683185984726683,0.27458667755126953,220720_HOBIC22_5Spezies_FISH_Tag1.lif,3,71 4,CH,1,P.gingivalis,0.7737160325050354
23385.167382177216,0.6268052057931852,0.3188164126980665,0.11576080322265625,220817_HOBIC22_5Spezies_FISH_Tag15.lif,0,93 1,CH,15,S.oralis,1.0980404615402222
50421.49446846758,0.6000445126411893,0.27428751975840854,0.2607269287109375,220817_HOBIC22_5Spezies_FISH_Tag15.lif,0,93 1,CH,15,A.naeslundii,1.0140964984893799
64739.656257933886,0.6515279001141394,0.34992987844314727,0.30831241607666016,220817_HOBIC22_5Spezies_FISH_Tag15.lif,0,93 1,CH,15,Vd/Vp,0.9868489503860474
66694.40449574919,0.6346806932618874,0.32707294924405805,0.3260526657104492,220817_HOBIC22_5Spezies_FISH_Tag15.lif,0,93 1,CH,15,F.nucleatum,0.4897541105747223
36489.30011739936,0.5878967232516912,0.25258563973993375,0.1925830841064453,220817_HOBIC22_5Spezies_FISH_Tag15.lif,0,93 1,CH,15,P.gingivalis,0.9258108735084534
36833.134058538046,0.5801576263555385,0.23660475551337326,0.196990966796875,220817_HOBIC22_5Spezies_FISH_Tag15.lif,1,93 2,CH,15,S.oralis,0.7729116678237915
59680.561149050685,0.6625016063380066,0.37353529450645373,0.2795114517211914,220817_HOBIC22_5Spezies_FISH_Tag15.lif,1,93 2,CH,15,A.naeslundii,0.877178430557251
53187.389414470075,0.6364686006951469,0.33499536393021984,0.2592897415161133,220817_HOBIC22_5Spezies_FISH_Tag15.lif,1,93 2,CH,15,Vd/Vp,0.912667453289032
59707.62500130489,0.6353431693899712,0.3306048333224135,0.2915916442871094,220817_HOBIC22_5Spezies_FISH_Tag15.lif,1,93 2,CH,15,F.nucleatum,0.49812203645706177
50323.38800404608,0.5975699040110953,0.2702960682048025,0.26129722595214844,220817_HOBIC22_5Spezies_FISH_Tag15.lif,1,93 2,CH,15,P.gingivalis,0.7306820154190063
27486.72494568,0.5656101764594271,0.2037711756840973,0.1507854461669922,220817_HOBIC22_5Spezies_FISH_Tag15.lif,2,93 3,CH,15,S.oralis,0.8000354766845703
56234.53314327341,0.637796475320972,0.3420829615610391,0.2735738754272461,220817_HOBIC22_5Spezies_FISH_Tag15.lif,2,93 3,CH,15,A.naeslundii,0.8052083253860474
70940.04631812806,0.6605050406797219,0.3651542328476482,0.3332490921020508,220817_HOBIC22_5Spezies_FISH_Tag15.lif,2,93 3,CH,15,Vd/Vp,0.7443265914916992
63088.761270427196,0.6248857073706833,0.31472399313327265,0.3132600784301758,220817_HOBIC22_5Spezies_FISH_Tag15.lif,2,93 3,CH,15,F.nucleatum,0.433806836605072
52548.62099251564,0.6014515610763425,0.27691958391908644,0.2710905075073242,220817_HOBIC22_5Spezies_FISH_Tag15.lif,2,93 3,CH,15,P.gingivalis,0.6723722219467163
36469.77108764774,0.6048927166227397,0.28741694791202677,0.1870718002319336,220817_HOBIC22_5Spezies_FISH_Tag15.lif,3,93 4,CH,15,S.oralis,0.8630495071411133
59317.04440627257,0.6348162683218863,0.33140943696351827,0.28992462158203125,220817_HOBIC22_5Spezies_FISH_Tag15.lif,3,93 4,CH,15,A.naeslundii,0.9638986587524414
69879.17406414066,0.6621948085386489,0.3649803934391705,0.32742786407470703,220817_HOBIC22_5Spezies_FISH_Tag15.lif,3,93 4,CH,15,Vd/Vp,0.8991427421569824
59599.52336417587,0.612443780755115,0.29469248798151276,0.30194664001464844,220817_HOBIC22_5Spezies_FISH_Tag15.lif,3,93 4,CH,15,F.nucleatum,0.5263837575912476
49414.134831437375,0.5922045112477299,0.26032481397184437,0.25890064239501953,220817_HOBIC22_5Spezies_FISH_Tag15.lif,3,93 4,CH,15,P.gingivalis,0.7755168676376343
35489.321530983936,0.5672852392650093,0.20736055699181172,0.19411087036132812,220817_HOBIC22_5Spezies_FISH_Tag15.lif,4,93 5,CH,15,S.oralis,0.6027665138244629
55744.46213682931,0.5705837607751841,0.21493143110529542,0.3031349182128906,220817_HOBIC22_5Spezies_FISH_Tag15.lif,4,93 5,CH,15,A.naeslundii,0.7117968797683716
38556.763148977916,0.5631811496605971,0.19766034978012362,0.21242523193359375,220817_HOBIC22_5Spezies_FISH_Tag15.lif,4,93 5,CH,15,Vd/Vp,0.7866805791854858
62182.27599179904,0.5916642705067614,0.2579182469413481,0.3260955810546875,220817_HOBIC22_5Spezies_FISH_Tag15.lif,4,93 5,CH,15,F.nucleatum,0.43201518058776855
52092.84111705273,0.5837651855985065,0.24316551268775285,0.27688121795654297,220817_HOBIC22_5Spezies_FISH_Tag15.lif,4,93 5,CH,15,P.gingivalis,0.5516107082366943
25698.050346697342,0.6193957506389599,0.3279333482032557,0.12873172760009766,220817_HOBIC22_5Spezies_FISH_Tag15.lif,5,93 6,CH,15,S.oralis,0.6830027103424072
55528.56640634688,0.5831743551339119,0.24133029385165847,0.2954416275024414,220817_HOBIC22_5Spezies_FISH_Tag15.lif,5,93 6,CH,15,A.naeslundii,0.7270166873931885
40022.67055545159,0.6079395952191977,0.29873834426109197,0.2042675018310547,220817_HOBIC22_5Spezies_FISH_Tag15.lif,5,93 6,CH,15,Vd/Vp,0.781542956829071
64771.64081059795,0.6060957787594836,0.28389509263213925,0.3315868377685547,220817_HOBIC22_5Spezies_FISH_Tag15.lif,5,93 6,CH,15,F.nucleatum,0.3826403021812439
50285.713891533116,0.5914025610902256,0.258524174410155,0.263824462890625,220817_HOBIC22_5Spezies_FISH_Tag15.lif,5,93 6,CH,15,P.gingivalis,0.5807309150695801
42230.06600493543,0.5727808884590373,0.21974208694582423,0.22876358032226562,220817_HOBIC22_5Spezies_FISH_Tag15.lif,6,93 7,CH,15,S.oralis,0.6345377564430237
34026.48956226643,0.5731215797021169,0.21900567463717185,0.18421459197998047,220817_HOBIC22_5Spezies_FISH_Tag15.lif,6,93 7,CH,15,A.naeslundii,0.8834793567657471
49138.57560848544,0.5907713696058651,0.25607379952863646,0.25808143615722656,220817_HOBIC22_5Spezies_FISH_Tag15.lif,6,93 7,CH,15,Vd/Vp,0.802734375
56527.77613332326,0.6088264115466101,0.28733366916799535,0.2880859375,220817_HOBIC22_5Spezies_FISH_Tag15.lif,6,93 7,CH,15,F.nucleatum,0.46703869104385376
52084.07611944768,0.5895024751528053,0.2542431899913654,0.2741403579711914,220817_HOBIC22_5Spezies_FISH_Tag15.lif,6,93 7,CH,15,P.gingivalis,0.5567196607589722
42986.9312367264,0.5754348505856843,0.22532579812622958,0.23178958892822266,220817_HOBIC22_5Spezies_FISH_Tag21.lif,0,91 1,CH,21,S.oralis,0.4886673092842102
51510.50697792384,0.5350516852210725,0.12116045299861838,0.29871273040771484,220817_HOBIC22_5Spezies_FISH_Tag21.lif,0,91 1,CH,21,A.naeslundii,0.6698567867279053
65613.08058068332,0.5593539179285353,0.18731959057538947,0.36396312713623047,220817_HOBIC22_5Spezies_FISH_Tag21.lif,0,91 1,CH,21,Vd/Vp,0.5985677242279053
55802.587910420734,0.5470513880058697,0.15548134262839275,0.31650447845458984,220817_HOBIC22_5Spezies_FISH_Tag21.lif,0,91 1,CH,21,F.nucleatum,0.42889404296875
54837.20799876211,0.559433537042321,0.18768388534132102,0.30414485931396484,220817_HOBIC22_5Spezies_FISH_Tag21.lif,0,91 1,CH,21,P.gingivalis,0.4189552366733551
47059.11836965785,0.5815619310973524,0.23846798399867447,0.25107383728027344,220817_HOBIC22_5Spezies_FISH_Tag21.lif,1,91 2,CH,21,S.oralis,0.821044921875
59452.978755094846,0.6036132551738772,0.28006793805162156,0.30561065673828125,220817_HOBIC22_5Spezies_FISH_Tag21.lif,1,91 2,CH,21,A.naeslundii,0.9166218042373657
58441.46727709382,0.6118938791469423,0.2944734626700628,0.29634571075439453,220817_HOBIC22_5Spezies_FISH_Tag21.lif,1,91 2,CH,21,Vd/Vp,0.8809814453125
69688.95823892218,0.620440670587044,0.3066242453275474,0.3485116958618164,220817_HOBIC22_5Spezies_FISH_Tag21.lif,1,91 2,CH,21,F.nucleatum,0.4683082401752472
54172.91344343155,0.5834018119108144,0.24198218452897155,0.288116455078125,220817_HOBIC22_5Spezies_FISH_Tag21.lif,1,91 2,CH,21,P.gingivalis,0.784590482711792
45896.141582165954,0.5882164536218926,0.2520588130507918,0.24209880828857422,220817_HOBIC22_5Spezies_FISH_Tag21.lif,2,91 3,CH,21,S.oralis,0.8019460439682007
59486.50102663699,0.6308218348994646,0.32248795282720505,0.29259395599365234,220817_HOBIC22_5Spezies_FISH_Tag21.lif,2,91 3,CH,21,A.naeslundii,0.8781550526618958
67135.26849809472,0.6560343385923969,0.3542121314690516,0.31752490997314453,220817_HOBIC22_5Spezies_FISH_Tag21.lif,2,91 3,CH,21,Vd/Vp,0.8010416626930237
100346.61328309095,0.7156175853369309,0.40195590019209543,0.4350862503051758,220817_HOBIC22_5Spezies_FISH_Tag21.lif,2,91 3,CH,21,F.nucleatum,0.3709433078765869
63018.333745811135,0.6274641638256588,0.31809609488323476,0.31162452697753906,220817_HOBIC22_5Spezies_FISH_Tag21.lif,2,91 3,CH,21,P.gingivalis,0.7120049595832825
48166.73727753888,0.5777423999439625,0.23043036485494536,0.2586822509765625,220817_HOBIC22_5Spezies_FISH_Tag21.lif,3,91 4,CH,21,S.oralis,0.647087574005127
59483.579360768636,0.5932222555994567,0.26100290736729453,0.3111238479614258,220817_HOBIC22_5Spezies_FISH_Tag21.lif,3,91 4,CH,21,A.naeslundii,0.7454427480697632
57686.908623619966,0.5913870269248344,0.2577995382530792,0.30266284942626953,220817_HOBIC22_5Spezies_FISH_Tag21.lif,3,91 4,CH,21,Vd/Vp,0.7327009439468384
67760.04367825862,0.603016731447265,0.2783366857692584,0.34865665435791016,220817_HOBIC22_5Spezies_FISH_Tag21.lif,3,91 4,CH,21,F.nucleatum,0.3959856927394867
57535.90462979251,0.5895956144329378,0.2542885220186173,0.30278778076171875,220817_HOBIC22_5Spezies_FISH_Tag21.lif,3,91 4,CH,21,P.gingivalis,0.6119276285171509
53227.83142096358,0.5587481549595242,0.18608466364455722,0.2955808639526367,240416_HOBIC22_5Spezies_FISH_Tag10.lif,0,Tag10 1 1,CH,10,S.oralis,0.3444882035255432
24627.182920002433,0.5197761068548781,0.07212220012578995,0.14701175689697266,240416_HOBIC22_5Spezies_FISH_Tag10.lif,0,Tag10 1 1,CH,10,A.naeslundii,0.6099447011947632
5495.961042145728,0.5251460293685758,0.09001484616379224,0.03247261047363281,240416_HOBIC22_5Spezies_FISH_Tag10.lif,0,Tag10 1 1,CH,10,Vd/Vp,1.073128581047058
16070.546222926272,0.5319116635129911,0.11165624573584128,0.09374427795410156,240416_HOBIC22_5Spezies_FISH_Tag10.lif,0,Tag10 1 1,CH,10,F.nucleatum,0.4127117395401001
4981.44030554016,0.5250832145402708,0.08979455199137261,0.029436111450195312,240416_HOBIC22_5Spezies_FISH_Tag10.lif,0,Tag10 1 1,CH,10,P.gingivalis,0.7008740901947021
38982.71127820608,0.5858382549250559,0.24627906759137944,0.2064657211303711,240416_HOBIC22_5Spezies_FISH_Tag10.lif,1,Tag10 1 2,CH,10,S.oralis,0.42783603072166443
56931.88865448269,0.5599681690524057,0.1889238424331332,0.3154611587524414,240416_HOBIC22_5Spezies_FISH_Tag10.lif,1,Tag10 1 2,CH,10,A.naeslundii,0.5225852131843567
2289.817181348928,0.5494481377682721,0.16161561931246707,0.012930870056152344,240416_HOBIC22_5Spezies_FISH_Tag10.lif,1,Tag10 1 2,CH,10,Vd/Vp,1.7921714782714844
31570.75251397267,0.6375288158842078,0.32858146183967507,0.15365219116210938,240416_HOBIC22_5Spezies_FISH_Tag10.lif,1,Tag10 1 2,CH,10,F.nucleatum,0.2800173759460449
12814.118954816257,0.5887561373778455,0.25102778868661174,0.06753158569335938,240416_HOBIC22_5Spezies_FISH_Tag10.lif,1,Tag10 1 2,CH,10,P.gingivalis,0.4138668179512024
60452.95734151027,1.3580025422207493,0.5924376812053073,0.1381244659423828,240416_HOBIC22_5Spezies_FISH_Tag10.lif,2,Tag10 1 3,CH,10,S.oralis,0.46221494674682617
62439.382588214015,0.5936609699148145,0.2636939210074489,0.3263425827026367,240416_HOBIC22_5Spezies_FISH_Tag10.lif,2,Tag10 1 3,CH,10,A.naeslundii,0.6852058172225952
72282.62867057971,0.8200039024390243,0.47412688588746416,0.27350902557373047,240416_HOBIC22_5Spezies_FISH_Tag10.lif,2,Tag10 1 3,CH,10,Vd/Vp,0.6694568395614624
68191.52759544787,0.8076833437693399,0.4644973884903148,0.2619647979736328,240416_HOBIC22_5Spezies_FISH_Tag10.lif,2,Tag10 1 3,CH,10,F.nucleatum,0.355373740196228
2262.445785319104,0.6721068206720234,0.33572859866576943,0.01044464111328125,240416_HOBIC22_5Spezies_FISH_Tag10.lif,2,Tag10 1 3,CH,10,P.gingivalis,2.610584259033203
28499.005283120063,0.653630768308931,0.3919966437914491,0.1352853775024414,240416_HOBIC22_5Spezies_FISH_Tag10.lif,3,Tag10 1 4,CH,10,S.oralis,0.5369887948036194
55994.64899829293,0.5967256437132125,0.27144349339518253,0.2911558151245117,240416_HOBIC22_5Spezies_FISH_Tag10.lif,3,Tag10 1 4,CH,10,A.naeslundii,0.6276424527168274
42935.72519808634,0.5990953677971625,0.28678269353235525,0.22237014770507812,240416_HOBIC22_5Spezies_FISH_Tag10.lif,3,Tag10 1 4,CH,10,Vd/Vp,0.6551562547683716
67513.54734210239,0.7237215083522781,0.4314990308640023,0.28944969177246094,240416_HOBIC22_5Spezies_FISH_Tag10.lif,3,Tag10 1 4,CH,10,F.nucleatum,0.30465376377105713
92144.57455930003,0.9849438975349649,0.4609798440935985,0.29027652740478516,240416_HOBIC22_5Spezies_FISH_Tag10.lif,3,Tag10 1 4,CH,10,P.gingivalis,0.43594712018966675
27850.856776009343,0.7116193271239417,0.4369328606861241,0.12143516540527344,240416_HOBIC22_5Spezies_FISH_Tag10.lif,4,Tag10 2 1,CH,10,S.oralis,0.3264666795730591
61565.03563413773,0.5744232478642283,0.2238709364632677,0.3325490951538086,240416_HOBIC22_5Spezies_FISH_Tag10.lif,4,Tag10 2 1,CH,10,A.naeslundii,0.6340422630310059
28960.62849031968,0.8311999973535404,0.5264886392002438,0.1081075668334961,240416_HOBIC22_5Spezies_FISH_Tag10.lif,4,Tag10 2 1,CH,10,Vd/Vp,0.6674299240112305
36620.00622203616,0.82867178686438,0.5536935684647728,0.1371164321899414,240416_HOBIC22_5Spezies_FISH_Tag10.lif,4,Tag10 2 1,CH,10,F.nucleatum,0.3948383331298828
59165.88664055731,0.5671179980614617,0.20537593002317966,0.32370662689208984,240416_HOBIC22_5Spezies_FISH_Tag10.lif,4,Tag10 2 1,CH,10,P.gingivalis,0.4373256266117096
57426.88036133664,0.6396117149469044,0.33970996925535246,0.2785816192626953,240416_HOBIC22_5Spezies_FISH_Tag10.lif,5,Tag10 3 1,CH,10,S.oralis,0.3710978925228119
95097.91743654048,0.6557635851308017,0.35078853694695034,0.4499635696411133,240416_HOBIC22_5Spezies_FISH_Tag10.lif,5,Tag10 3 1,CH,10,A.naeslundii,0.815954327583313
30967.659169989696,0.7172730878207135,0.41182152597546884,0.13396072387695312,240416_HOBIC22_5Spezies_FISH_Tag10.lif,5,Tag10 3 1,CH,10,Vd/Vp,0.84154212474823
128305.57169622931,0.7354715334009884,0.4111037608624437,0.5412940979003906,240416_HOBIC22_5Spezies_FISH_Tag10.lif,5,Tag10 3 1,CH,10,F.nucleatum,0.6090160012245178
108569.10366796031,0.6813333256179089,0.37452483308171175,0.49442481994628906,240416_HOBIC22_5Spezies_FISH_Tag10.lif,5,Tag10 3 1,CH,10,P.gingivalis,0.6075817346572876
74440.35580030156,0.6200257765899164,0.3064729419792556,0.37252235412597656,240416_HOBIC22_5Spezies_FISH_Tag10.lif,6,Tag10 4 1,CH,10,S.oralis,0.5607386827468872
62195.80791792614,0.6289386195728862,0.33284451786680364,0.3068361282348633,240416_HOBIC22_5Spezies_FISH_Tag10.lif,6,Tag10 4 1,CH,10,A.naeslundii,0.7174021005630493
90646.06751261107,0.6378678648905266,0.3294943318815465,0.4409322738647461,240416_HOBIC22_5Spezies_FISH_Tag10.lif,6,Tag10 4 1,CH,10,Vd/Vp,0.6546224355697632
82449.41080489344,0.6183089252868531,0.30162941284514827,0.41374778747558594,240416_HOBIC22_5Spezies_FISH_Tag10.lif,6,Tag10 4 1,CH,10,F.nucleatum,0.5069667100906372
74962.87267507314,0.6111908105832409,0.2913612810621155,0.38055992126464844,240416_HOBIC22_5Spezies_FISH_Tag10.lif,6,Tag10 4 1,CH,10,P.gingivalis,0.4421125054359436
45080.535489232316,0.6230849108303526,0.3102019372248792,0.2244892120361328,240416_HOBIC22_5Spezies_FISH_Tag10.lif,7,Tag10 5 1,CH,10,S.oralis,0.3931967318058014
57002.46995098656,0.5754583235075093,0.22458011359175023,0.30735015869140625,240416_HOBIC22_5Spezies_FISH_Tag10.lif,7,Tag10 5 1,CH,10,A.naeslundii,0.5376496315002441
630.003424349376,0.5520412335039053,0.1680676400940013,0.0035409927368164062,240416_HOBIC22_5Spezies_FISH_Tag10.lif,7,Tag10 5 1,CH,10,Vd/Vp,4.663802146911621
65778.84667574035,0.6070063354615097,0.2820039476213385,0.33623790740966797,240416_HOBIC22_5Spezies_FISH_Tag10.lif,7,Tag10 5 1,CH,10,F.nucleatum,0.304964542388916
37427.76994869158,0.5668481466137238,0.20565151238608104,0.20487117767333984,240416_HOBIC22_5Spezies_FISH_Tag10.lif,7,Tag10 5 1,CH,10,P.gingivalis,0.3884170353412628
33415.55385200525,0.6012542476177836,0.27524975972207233,0.17244243621826172,240416_HOBIC22_5Spezies_FISH_Tag10.lif,8,Tag10 5 2,CH,10,S.oralis,0.39978229999542236
50223.12873319526,0.559547923636675,0.18790211129559098,0.27849674224853516,240416_HOBIC22_5Spezies_FISH_Tag10.lif,8,Tag10 5 2,CH,10,A.naeslundii,0.5424237251281738
757.634091230016,0.5684912592250924,0.20720367925213667,0.0041351318359375,240416_HOBIC22_5Spezies_FISH_Tag10.lif,8,Tag10 5 2,CH,10,Vd/Vp,5.304987907409668
49373.38528116825,0.5848226265759418,0.24227522155142045,0.26195240020751953,240416_HOBIC22_5Spezies_FISH_Tag10.lif,8,Tag10 5 2,CH,10,F.nucleatum,0.29809170961380005
37118.84222608531,0.5494075268523702,0.16177636775012583,0.20963001251220703,240416_HOBIC22_5Spezies_FISH_Tag10.lif,8,Tag10 5 2,CH,10,P.gingivalis,0.4259623885154724
38229.99788738592,0.6063573563106321,0.2846327778400014,0.19562721252441406,240416_HOBIC22_5Spezies_FISH_Tag10.lif,9,Tag10 5 3,CH,10,S.oralis,0.41122162342071533
48343.267404742466,0.5615184675196712,0.19268469744513672,0.2671318054199219,240416_HOBIC22_5Spezies_FISH_Tag10.lif,9,Tag10 5 3,CH,10,A.naeslundii,0.5789620876312256
642.305175374016,0.540406801137833,0.13653277188321622,0.0036878585815429688,240416_HOBIC22_5Spezies_FISH_Tag10.lif,9,Tag10 5 3,CH,10,Vd/Vp,4.923377513885498
59362.407113175934,0.6029270026097925,0.2748115286113092,0.3054924011230469,240416_HOBIC22_5Spezies_FISH_Tag10.lif,9,Tag10 5 3,CH,10,F.nucleatum,0.2945183515548706
36433.327150237244,0.560689929143095,0.1917514548260472,0.20161819458007812,240416_HOBIC22_5Spezies_FISH_Tag10.lif,9,Tag10 5 3,CH,10,P.gingivalis,0.4050045609474182
50837.293653100416,0.7354845592878171,0.44668238907469116,0.21446800231933594,240416_HOBIC22_5Spezies_FISH_Tag10.lif,10,Tag10 6 1,CH,10,S.oralis,0.42249178886413574
52845.09319220947,0.5888425314400788,0.25285403852122523,0.2784576416015625,240416_HOBIC22_5Spezies_FISH_Tag10.lif,10,Tag10 6 1,CH,10,A.naeslundii,0.6277077794075012
2256.6024535824,0.6627462087019318,0.3521558421267438,0.010564804077148438,240416_HOBIC22_5Spezies_FISH_Tag10.lif,10,Tag10 6 1,CH,10,Vd/Vp,4.249490737915039
72745.32828099398,0.6537590342709245,0.3510518766523053,0.34525585174560547,240416_HOBIC22_5Spezies_FISH_Tag10.lif,10,Tag10 6 1,CH,10,F.nucleatum,0.3044099509716034
26657.586926619264,0.5899867854834868,0.2575913540871377,0.14019489288330078,240416_HOBIC22_5Spezies_FISH_Tag10.lif,10,Tag10 6 1,CH,10,P.gingivalis,0.5405222177505493
51553.716878397885,0.6496269434847944,0.3477275379446779,0.24623489379882812,240416_HOBIC22_5Spezies_FISH_Tag10.lif,11,Tag10 6 2,CH,10,S.oralis,0.4339657425880432
44809.1281072512,0.5884789453288987,0.2534619475258264,0.23625946044921875,240416_HOBIC22_5Spezies_FISH_Tag10.lif,11,Tag10 6 2,CH,10,A.naeslundii,0.6025855541229248
820.526793343488,0.5670350042480884,0.20398466866821485,0.004489898681640625,240416_HOBIC22_5Spezies_FISH_Tag10.lif,11,Tag10 6 2,CH,10,Vd/Vp,6.2431640625
67841.69655068468,0.6396861774056589,0.3327103623601401,0.32906627655029297,240416_HOBIC22_5Spezies_FISH_Tag10.lif,11,Tag10 6 2,CH,10,F.nucleatum,0.291201651096344
33473.67962559667,0.5879635109162762,0.2532911107880986,0.17664718627929688,240416_HOBIC22_5Spezies_FISH_Tag10.lif,11,Tag10 6 2,CH,10,P.gingivalis,0.4469161629676819
71739.19881906624,0.7188193596668988,0.4185951803220558,0.3096637725830078,240416_HOBIC22_5Spezies_FISH_Tag10.lif,12,Tag10 7 1,CH,10,S.oralis,0.5573614835739136
63420.90854809248,0.6158428631120265,0.3010155294759649,0.3195333480834961,240416_HOBIC22_5Spezies_FISH_Tag10.lif,12,Tag10 7 1,CH,10,A.naeslundii,0.715670108795166
882.804407905728,0.7182351337834458,0.36557458472787496,0.0038137435913085938,240416_HOBIC22_5Spezies_FISH_Tag10.lif,12,Tag10 7 1,CH,10,Vd/Vp,5.89208984375
80051.18444263987,0.670411529769106,0.3679882052062577,0.37049293518066406,240416_HOBIC22_5Spezies_FISH_Tag10.lif,12,Tag10 7 1,CH,10,F.nucleatum,0.3976700007915497
54795.68958905395,0.6073348817720061,0.2875922729855724,0.27994441986083984,240416_HOBIC22_5Spezies_FISH_Tag10.lif,12,Tag10 7 1,CH,10,P.gingivalis,0.5167148113250732
65728.87081220275,0.7312844164948312,0.4229694316408955,0.2788839340209961,240416_HOBIC22_5Spezies_FISH_Tag10.lif,13,Tag11 8 1,CH,10,S.oralis,0.4328410029411316
68867.50881425184,0.6143629567377558,0.2979713515650697,0.3478107452392578,240416_HOBIC22_5Spezies_FISH_Tag10.lif,13,Tag11 8 1,CH,10,A.naeslundii,0.7605814933776855
924.784133277312,0.6923157386102163,0.35916746490127116,0.0041446685791015625,240416_HOBIC22_5Spezies_FISH_Tag10.lif,13,Tag11 8 1,CH,10,Vd/Vp,4.6722002029418945
88697.7776940837,0.7390676352554006,0.4200846915055432,0.3723764419555664,240416_HOBIC22_5Spezies_FISH_Tag10.lif,13,Tag11 8 1,CH,10,F.nucleatum,0.4393514096736908
92676.16397545229,0.6706967706776281,0.36809917092524325,0.428741455078125,240416_HOBIC22_5Spezies_FISH_Tag10.lif,13,Tag11 8 1,CH,10,P.gingivalis,0.644232988357544
59456.20796473882,0.7033640540461924,0.4037955921372661,0.2622833251953125,240416_HOBIC22_5Spezies_FISH_Tag10.lif,14,Tag10 8 2,CH,10,S.oralis,0.43408864736557007
62708.02207621459,0.672535913199412,0.3758950328034383,0.2893085479736328,240416_HOBIC22_5Spezies_FISH_Tag10.lif,14,Tag10 8 2,CH,10,A.naeslundii,0.7128363847732544
1382.4092713939199,0.7188264343934794,0.36634066619579614,0.005967140197753906,240416_HOBIC22_5Spezies_FISH_Tag10.lif,14,Tag10 8 2,CH,10,Vd/Vp,4.16015625
88046.70752110463,0.7352129938326262,0.4158900260395795,0.3715810775756836,240416_HOBIC22_5Spezies_FISH_Tag10.lif,14,Tag10 8 2,CH,10,F.nucleatum,0.4096304178237915
69245.63388637171,0.6204359843467294,0.3084771608676335,0.3462972640991211,240416_HOBIC22_5Spezies_FISH_Tag10.lif,14,Tag10 8 2,CH,10,P.gingivalis,0.612376868724823
56043.85600239148,0.6742738747300533,0.3723963991397201,0.25789642333984375,240416_HOBIC22_5Spezies_FISH_Tag15.lif,0,1 1,CH,15,S.oralis,0.4943311810493469
48751.68553876051,0.5735041334774796,0.22097858166966824,0.26375865936279297,240416_HOBIC22_5Spezies_FISH_Tag15.lif,0,1 1,CH,15,A.naeslundii,0.6111910939216614
875.115813515328,0.6501957752911623,0.32704066054786407,0.004176139831542969,240416_HOBIC22_5Spezies_FISH_Tag15.lif,0,1 1,CH,15,Vd/Vp,5.02392578125
45233.230973825666,0.5907792530920446,0.2565313403298336,0.23756694793701172,240416_HOBIC22_5Spezies_FISH_Tag15.lif,0,1 1,CH,15,F.nucleatum,0.2783600091934204
40736.47965865632,0.5841644129353014,0.24554597703749048,0.21637248992919922,240416_HOBIC22_5Spezies_FISH_Tag15.lif,0,1 1,CH,15,P.gingivalis,0.47839468717575073
68516.14005061056,0.7085195470177292,0.39981716625505437,0.3000507354736328,240416_HOBIC22_5Spezies_FISH_Tag15.lif,1,1 2,CH,15,S.oralis,0.5089554190635681
51417.78252957561,0.5960465649317332,0.26686289133179175,0.26766204833984375,240416_HOBIC22_5Spezies_FISH_Tag15.lif,1,1 2,CH,15,A.naeslundii,0.6537078022956848
1594.61447656896,0.6617488520408165,0.34206010272961657,0.007476806640625,240416_HOBIC22_5Spezies_FISH_Tag15.lif,1,1 2,CH,15,Vd/Vp,3.5146484375
69683.42245096108,0.6846523030974722,0.3814490397379903,0.31580066680908203,240416_HOBIC22_5Spezies_FISH_Tag15.lif,1,1 2,CH,15,F.nucleatum,0.2903645634651184
6108.742015060608,0.6544475550726069,0.3541491708572188,0.028962135314941406,240416_HOBIC22_5Spezies_FISH_Tag15.lif,1,1 2,CH,15,P.gingivalis,1.0700809955596924
84693.09641989997,0.7458989372558678,0.42292996273172084,0.3523073196411133,240416_HOBIC22_5Spezies_FISH_Tag15.lif,2,1 3 Fuso,CH,15,S.oralis,0.538399875164032
59752.52639254483,0.6215624059212842,0.31001038005378884,0.2982807159423828,240416_HOBIC22_5Spezies_FISH_Tag15.lif,2,1 3 Fuso,CH,15,A.naeslundii,0.6899571418762207
844.97652350496,0.6442813452074058,0.32481777647745486,0.004069328308105469,240416_HOBIC22_5Spezies_FISH_Tag15.lif,2,1 3 Fuso,CH,15,Vd/Vp,5.209765434265137
78792.86908470701,0.7306099296904612,0.4216053252352058,0.3346223831176758,240416_HOBIC22_5Spezies_FISH_Tag15.lif,2,1 3 Fuso,CH,15,F.nucleatum,0.351446270942688
34050.47797676448,0.6144626582138063,0.30399907591642383,0.17194175720214844,240416_HOBIC22_5Spezies_FISH_Tag15.lif,2,1 3 Fuso,CH,15,P.gingivalis,0.5093470811843872
86476.23523092153,0.7102199433040175,0.4053426388156419,0.3777961730957031,240416_HOBIC22_5Spezies_FISH_Tag15.lif,3,2 1 Fuso,CH,15,S.oralis,0.6445444822311401
68511.37312208851,0.6252052060427231,0.31510407554525255,0.3400115966796875,240416_HOBIC22_5Spezies_FISH_Tag15.lif,3,2 1 Fuso,CH,15,A.naeslundii,0.7343229055404663
3082.049947335744,0.6767572990483902,0.3567327613519169,0.014130592346191406,240416_HOBIC22_5Spezies_FISH_Tag15.lif,3,2 1 Fuso,CH,15,Vd/Vp,2.2474722862243652
74600.4323355097,0.6493430459837766,0.3465028860641784,0.35646820068359375,240416_HOBIC22_5Spezies_FISH_Tag15.lif,3,2 1 Fuso,CH,15,F.nucleatum,0.4108293056488037
54474.30634353523,0.6361796051545281,0.33706075207871766,0.2656841278076172,240416_HOBIC22_5Spezies_FISH_Tag15.lif,3,2 1 Fuso,CH,15,P.gingivalis,0.4917582869529724
113722.61471595764,0.8079618688870399,0.4443183173964456,0.43672657012939453,240416_HOBIC22_5Spezies_FISH_Tag15.lif,4,2 2,CH,15,S.oralis,0.5882619619369507
72286.78051155053,0.6927805518407457,0.3960285063213714,0.32375526428222656,240416_HOBIC22_5Spezies_FISH_Tag15.lif,4,2 2,CH,15,A.naeslundii,0.6874529719352722
2472.190640289216,0.6706681480863836,0.3468651897202315,0.011437416076660156,240416_HOBIC22_5Spezies_FISH_Tag15.lif,4,2 2,CH,15,Vd/Vp,2.3486979007720947
85935.72704527642,0.6781924538462099,0.3744275747401771,0.39316463470458984,240416_HOBIC22_5Spezies_FISH_Tag15.lif,4,2 2,CH,15,F.nucleatum,0.3747249245643616
42855.45627265056,0.6387220552733203,0.34164551172265395,0.20818424224853516,240416_HOBIC22_5Spezies_FISH_Tag15.lif,4,2 2,CH,15,P.gingivalis,0.5262736082077026
59193.56558036275,0.6234602128189936,0.3136287443418225,0.29459095001220703,240416_HOBIC22_5Spezies_FISH_Tag15.lif,5,3 1,CH,15,S.oralis,0.5171291828155518
51009.36439555757,0.5924117907640026,0.2609156686047887,0.2671651840209961,240416_HOBIC22_5Spezies_FISH_Tag15.lif,5,3 1,CH,15,A.naeslundii,0.6353824138641357
1021.352878820736,0.6436166182452063,0.32182695963443597,0.004923820495605469,240416_HOBIC22_5Spezies_FISH_Tag15.lif,5,3 1,CH,15,Vd/Vp,2.5873324871063232
88223.54519208384,0.659708338600358,0.3569651915604607,0.41494083404541016,240416_HOBIC22_5Spezies_FISH_Tag15.lif,5,3 1,CH,15,F.nucleatum,0.2639508843421936
45585.06105313037,0.5739825837587224,0.22210505777593362,0.24642086029052734,240416_HOBIC22_5Spezies_FISH_Tag15.lif,5,3 1,CH,15,P.gingivalis,0.49605897068977356
60472.17882748627,0.6557090837285412,0.3559596897834321,0.28615283966064453,240416_HOBIC22_5Spezies_FISH_Tag15.lif,6,3 2,CH,15,S.oralis,0.5047903060913086
48240.39401179891,0.5782038202810135,0.23134217773252846,0.25887107849121094,240416_HOBIC22_5Spezies_FISH_Tag15.lif,6,3 2,CH,15,A.naeslundii,0.6180784106254578
1129.915831613184,0.7095549893842887,0.36486667660625477,0.004940986633300781,240416_HOBIC22_5Spezies_FISH_Tag15.lif,6,3 2,CH,15,Vd/Vp,2.884033203125
58171.29007021517,0.6166154794484843,0.30260101112534427,0.29271697998046875,240416_HOBIC22_5Spezies_FISH_Tag15.lif,6,3 2,CH,15,F.nucleatum,0.23830538988113403
40327.75398086265,0.5819584006777314,0.24238771128589448,0.2150135040283203,240416_HOBIC22_5Spezies_FISH_Tag15.lif,6,3 2,CH,15,P.gingivalis,0.48484155535697937
60657.01263663149,0.6327757594315724,0.32583522801029635,0.29743003845214844,240416_HOBIC22_5Spezies_FISH_Tag15.lif,7,3 3,CH,15,S.oralis,0.5343079566955566
48836.72139271833,0.5736913508302554,0.22146928796165197,0.2641324996948242,240416_HOBIC22_5Spezies_FISH_Tag15.lif,7,3 3,CH,15,A.naeslundii,0.6318022608757019
1023.659457137856,0.6601579980178396,0.34213145235020914,0.004811286926269531,240416_HOBIC22_5Spezies_FISH_Tag15.lif,7,3 3,CH,15,Vd/Vp,3.1424479484558105
64613.71708181914,0.6048302440933102,0.2814303335687856,0.3314704895019531,240416_HOBIC22_5Spezies_FISH_Tag15.lif,7,3 3,CH,15,F.nucleatum,0.2506609261035919
47610.08304367392,0.5829305433772255,0.24211382588673516,0.2534170150756836,240416_HOBIC22_5Spezies_FISH_Tag15.lif,7,3 3,CH,15,P.gingivalis,0.4698941707611084
54233.03825156448,0.6434036562597996,0.34236368025761127,0.2615375518798828,240416_HOBIC22_5Spezies_FISH_Tag15.lif,8,3 4,CH,15,S.oralis,0.6080273389816284
51398.56104359961,0.5862466672976943,0.24833244988504627,0.2720346450805664,240416_HOBIC22_5Spezies_FISH_Tag15.lif,8,3 4,CH,15,A.naeslundii,0.7021668553352356
1508.655991284288,0.6679971829069136,0.34124046270927716,0.007007598876953125,240416_HOBIC22_5Spezies_FISH_Tag15.lif,8,3 4,CH,15,Vd/Vp,2.5853207111358643
65083.49019907258,0.6135294134179379,0.2959625757860831,0.3291463851928711,240416_HOBIC22_5Spezies_FISH_Tag15.lif,8,3 4,CH,15,F.nucleatum,0.28660154342651367
44832.1938904224,0.5833868542197442,0.2430337707098204,0.23844432830810547,240416_HOBIC22_5Spezies_FISH_Tag15.lif,8,3 4,CH,15,P.gingivalis,0.5457954406738281
41867.62566537197,0.7224612630339545,0.4385777843502241,0.1798114776611328,240416_HOBIC22_5Spezies_FISH_Tag21.lif,0,1 1,CH,21,S.oralis,0.5862444043159485
49733.51904241459,0.5831901648916041,0.24210466812213194,0.2646017074584961,240416_HOBIC22_5Spezies_FISH_Tag21.lif,0,1 1,CH,21,A.naeslundii,0.7094618082046509
3749.881256085888,0.6713429703406151,0.3529282197231851,0.01733112335205078,240416_HOBIC22_5Spezies_FISH_Tag21.lif,0,1 1,CH,21,Vd/Vp,2.1583986282348633
84064.63071442867,0.6468202569723799,0.3419080929488713,0.4032583236694336,240416_HOBIC22_5Spezies_FISH_Tag21.lif,0,1 1,CH,21,F.nucleatum,0.2838541865348816
63128.126873706045,0.620788993534854,0.308412537522668,0.3155241012573242,240416_HOBIC22_5Spezies_FISH_Tag21.lif,0,1 1,CH,21,P.gingivalis,0.5668433904647827
44024.73770754259,0.6698751763132296,0.38288712159078125,0.20391845703125,240416_HOBIC22_5Spezies_FISH_Tag21.lif,1,1 2,CH,21,S.oralis,0.620008647441864
49940.188459628545,0.5807408970523585,0.23684803672943652,0.26682186126708984,240416_HOBIC22_5Spezies_FISH_Tag21.lif,1,1 2,CH,21,A.naeslundii,0.7534722089767456
3494.4661504368,0.6708749336165692,0.35647350183770354,0.01616191864013672,240416_HOBIC22_5Spezies_FISH_Tag21.lif,1,1 2,CH,21,Vd/Vp,2.812066078186035
73198.95535002758,0.620710766524187,0.3066179564187169,0.36590576171875,240416_HOBIC22_5Spezies_FISH_Tag21.lif,1,1 2,CH,21,F.nucleatum,0.32036831974983215
56181.02052631622,0.6082206062037895,0.28788770067974445,0.2866039276123047,240416_HOBIC22_5Spezies_FISH_Tag21.lif,1,1 2,CH,21,P.gingivalis,0.5984994769096375
44410.55137405286,0.7072300844325886,0.42343644673293124,0.1948404312133789,240416_HOBIC22_5Spezies_FISH_Tag21.lif,2,1 3,CH,21,S.oralis,0.5735156536102295
65118.24264571718,0.6067059615753589,0.2851507541233347,0.3330259323120117,240416_HOBIC22_5Spezies_FISH_Tag21.lif,2,1 3,CH,21,A.naeslundii,0.7024639844894409
5372.943531899328,0.6915766230169718,0.36975151247590443,0.02410602569580078,240416_HOBIC22_5Spezies_FISH_Tag21.lif,2,1 3,CH,21,Vd/Vp,1.972055196762085
84918.06469176307,0.6650762976782251,0.36223596920930945,0.39617061614990234,240416_HOBIC22_5Spezies_FISH_Tag21.lif,2,1 3,CH,21,F.nucleatum,0.32639724016189575
65112.39931398048,0.6219435039942223,0.30992131271860957,0.32483768463134766,240416_HOBIC22_5Spezies_FISH_Tag21.lif,2,1 3,CH,21,P.gingivalis,0.5840785503387451
43837.443548192445,0.6784607758538673,0.39427805160353885,0.20048141479492188,240416_HOBIC22_5Spezies_FISH_Tag21.lif,3,2 1,CH,21,S.oralis,0.5941630005836487
53447.87899241683,0.5909267030954249,0.2575454007119791,0.2806406021118164,240416_HOBIC22_5Spezies_FISH_Tag21.lif,3,2 1,CH,21,A.naeslundii,0.6990816593170166
4084.0275682926717,0.6871880275134464,0.3648175684855115,0.01844024658203125,240416_HOBIC22_5Spezies_FISH_Tag21.lif,3,2 1,CH,21,Vd/Vp,2.2744140625
95864.93161292678,0.6746727786959005,0.37156057166991285,0.44087982177734375,240416_HOBIC22_5Spezies_FISH_Tag21.lif,3,2 1,CH,21,F.nucleatum,0.2672165036201477
57802.237539475966,0.6136051317356476,0.29820588595342284,0.29228687286376953,240416_HOBIC22_5Spezies_FISH_Tag21.lif,3,2 1,CH,21,P.gingivalis,0.588810920715332
48602.83435136237,0.8121533668883694,0.48681211528611806,0.1856851577758789,240416_HOBIC22_5Spezies_FISH_Tag21.lif,4,2 2,CH,21,S.oralis,0.5758899450302124
55050.48960715181,0.5943734475126019,0.264356261980381,0.28737926483154297,240416_HOBIC22_5Spezies_FISH_Tag21.lif,4,2 2,CH,21,A.naeslundii,0.6980270147323608
4122.1629964690555,0.6829730661506339,0.3677830703897517,0.01872730255126953,240416_HOBIC22_5Spezies_FISH_Tag21.lif,4,2 2,CH,21,Vd/Vp,2.252103328704834
81563.22341545594,0.6606262652138086,0.3596265647513168,0.38308238983154297,240416_HOBIC22_5Spezies_FISH_Tag21.lif,4,2 2,CH,21,F.nucleatum,0.27609536051750183
54688.04926758835,0.6111112022420967,0.2947040367841541,0.2776679992675781,240416_HOBIC22_5Spezies_FISH_Tag21.lif,4,2 2,CH,21,P.gingivalis,0.6023027896881104
44109.4660177248,0.6861665845880209,0.40497921270244613,0.19946002960205078,240416_HOBIC22_5Spezies_FISH_Tag21.lif,5,2 3,CH,21,S.oralis,0.5758816003799438
49746.12833721485,0.5840832469027539,0.2436841556419951,0.2642641067504883,240416_HOBIC22_5Spezies_FISH_Tag21.lif,5,2 3,CH,21,A.naeslundii,0.6788986921310425
2998.5518122559997,0.6788567253496626,0.3576680173212077,0.013705253601074219,240416_HOBIC22_5Spezies_FISH_Tag21.lif,5,2 3,CH,21,Vd/Vp,2.795355796813965
76319.90958497876,0.6408239734388347,0.333577806027603,0.36953258514404297,240416_HOBIC22_5Spezies_FISH_Tag21.lif,5,2 3,CH,21,F.nucleatum,0.26722753047943115
58883.56145454182,0.618056193825209,0.3041788512249104,0.2956104278564453,240416_HOBIC22_5Spezies_FISH_Tag21.lif,5,2 3,CH,21,P.gingivalis,0.5405899286270142
50997.370188308545,0.6416894248730513,0.34355754429895646,0.24659061431884766,240416_HOBIC22_5Spezies_FISH_Tag21.lif,6,3 1,CH,21,S.oralis,0.5387449860572815
57486.851397581755,0.5913409998450785,0.2581648820058558,0.3016366958618164,240416_HOBIC22_5Spezies_FISH_Tag21.lif,6,3 1,CH,21,A.naeslundii,0.6442980766296387
5334.961875610752,0.6713625821923106,0.3548698854464183,0.024656295776367188,240416_HOBIC22_5Spezies_FISH_Tag21.lif,6,3 1,CH,21,Vd/Vp,1.4886925220489502
83449.38939130887,0.6445389658577809,0.339194730341386,0.40172386169433594,240416_HOBIC22_5Spezies_FISH_Tag21.lif,6,3 1,CH,21,F.nucleatum,0.284701406955719
49913.12460737433,0.6129393512542368,0.29747018461545643,0.2526683807373047,240416_HOBIC22_5Spezies_FISH_Tag21.lif,6,3 1,CH,21,P.gingivalis,0.4991563558578491
48380.32642970419,0.6251544442149747,0.32113734773941527,0.24012374877929688,240416_HOBIC22_5Spezies_FISH_Tag21.lif,7,3 2,CH,21,S.oralis,0.537449061870575
57954.7792521815,0.5879693487832561,0.2510973648017714,0.3058357238769531,240416_HOBIC22_5Spezies_FISH_Tag21.lif,7,3 2,CH,21,A.naeslundii,0.6181490421295166
4082.797393190208,0.6622857506107593,0.34683711025851194,0.019127845764160156,240416_HOBIC22_5Spezies_FISH_Tag21.lif,7,3 2,CH,21,Vd/Vp,1.60546875
62237.48009952211,0.6139549009441686,0.2972582160933263,0.31453514099121094,240416_HOBIC22_5Spezies_FISH_Tag21.lif,7,3 2,CH,21,F.nucleatum,0.29395946860313416
40009.90748876352,0.6026111936671062,0.2799254033935911,0.2060079574584961,240416_HOBIC22_5Spezies_FISH_Tag21.lif,7,3 2,CH,21,P.gingivalis,0.4989114999771118
48509.95613112633,0.6664758249229338,0.37463124497327205,0.22583961486816406,240416_HOBIC22_5Spezies_FISH_Tag21.lif,8,3 3,CH,21,S.oralis,0.5545555353164673
51562.481876002945,0.5866930429704028,0.24893677730855518,0.27269458770751953,240416_HOBIC22_5Spezies_FISH_Tag21.lif,8,3 3,CH,21,A.naeslundii,0.6758486032485962
3432.342307762368,0.6484638696939783,0.33625853908596437,0.01642322540283203,240416_HOBIC22_5Spezies_FISH_Tag21.lif,8,3 3,CH,21,Vd/Vp,2.2744140625
95560.30950317913,0.670640150734041,0.3653377417278037,0.4421215057373047,240416_HOBIC22_5Spezies_FISH_Tag21.lif,8,3 3,CH,21,F.nucleatum,0.28179746866226196
57557.125150310014,0.6120715495996079,0.2948673380803906,0.2917766571044922,240416_HOBIC22_5Spezies_FISH_Tag21.lif,8,3 3,CH,21,P.gingivalis,0.55710768699646
85119.81340856716,0.7127336229504396,0.4185817179977333,0.3705587387084961,240416_HOBIC22_5Spezies_FISH_Tag21.lif,9,4 1,CH,21,S.oralis,0.5029687285423279
48173.041924939,0.5876031762337336,0.25081813363769007,0.25437450408935547,240416_HOBIC22_5Spezies_FISH_Tag21.lif,9,4 1,CH,21,A.naeslundii,0.7156333327293396
2579.677189867008,0.6631139132495851,0.34587879523598486,0.012070655822753906,240416_HOBIC22_5Spezies_FISH_Tag21.lif,9,4 1,CH,21,Vd/Vp,3.5145092010498047
53912.731409260414,0.6101381653367468,0.2909231194661747,0.2741680145263672,240416_HOBIC22_5Spezies_FISH_Tag21.lif,9,4 1,CH,21,F.nucleatum,0.2638922929763794
46684.22250718195,0.5962966178416215,0.2678345213878367,0.2429189682006836,240416_HOBIC22_5Spezies_FISH_Tag21.lif,9,4 1,CH,21,P.gingivalis,0.5700892806053162
47910.55331245075,0.6858954453450203,0.40095234195158985,0.2167339324951172,240416_HOBIC22_5Spezies_FISH_Tag21.lif,10,4 2,CH,21,S.oralis,0.4639778137207031
46352.22900140448,0.5712551440563045,0.2161599718604433,0.25176429748535156,240416_HOBIC22_5Spezies_FISH_Tag21.lif,10,4 2,CH,21,A.naeslundii,0.5826939344406128
2808.797302700928,0.6744265535055352,0.36153466424623726,0.012922286987304688,240416_HOBIC22_5Spezies_FISH_Tag21.lif,10,4 2,CH,21,Vd/Vp,1.705810546875
52649.49535091769,0.5939000509662792,0.2627372672373811,0.27506446838378906,240416_HOBIC22_5Spezies_FISH_Tag21.lif,10,4 2,CH,21,F.nucleatum,0.19899868965148926
45370.549269638206,0.5830651276420099,0.24281521117642785,0.2414407730102539,240416_HOBIC22_5Spezies_FISH_Tag21.lif,10,4 2,CH,21,P.gingivalis,0.4746907353401184
45771.58635304147,0.6594521246822718,0.37477571429069995,0.2153606414794922,240416_HOBIC22_5Spezies_FISH_Tag21.lif,11,4 3,CH,21,S.oralis,0.550410807132721
49053.69352641542,0.575928234691263,0.22648968523712198,0.26427555084228516,240416_HOBIC22_5Spezies_FISH_Tag21.lif,11,4 3,CH,21,A.naeslundii,0.6585860848426819
2255.9873660311678,0.636370842725854,0.32041962821402803,0.010999679565429688,240416_HOBIC22_5Spezies_FISH_Tag21.lif,11,4 3,CH,21,Vd/Vp,2.958251953125
58439.77578632793,0.6008792287661017,0.27544535254611313,0.3017692565917969,240416_HOBIC22_5Spezies_FISH_Tag21.lif,11,4 3,CH,21,F.nucleatum,0.2574327290058136
57087.50580494438,0.5931081454610483,0.2611684454892777,0.2986488342285156,240416_HOBIC22_5Spezies_FISH_Tag21.lif,11,4 3,CH,21,P.gingivalis,0.5023497343063354
92910.9736481351,0.7361650262404869,0.42070567110506296,0.3916025161743164,240416_HOBIC22_5Spezies_FISH_Tag6.lif,0,1 1,CH,6,S.oralis,0.6998906135559082
63463.96467667872,0.6420259212273287,0.3487061450926704,0.30671024322509766,240416_HOBIC22_5Spezies_FISH_Tag6.lif,0,1 1,CH,6,A.naeslundii,0.79852294921875
123442.84328807693,0.8157697248768597,0.4613942267443303,0.46951770782470703,240416_HOBIC22_5Spezies_FISH_Tag6.lif,0,1 1,CH,6,Vd/Vp,0.7784886360168457
82425.88370605881,0.6792679517931908,0.3799809573477584,0.3765096664428711,240416_HOBIC22_5Spezies_FISH_Tag6.lif,0,1 1,CH,6,F.nucleatum,0.4365781545639038
39436.492119127484,0.6006227685091564,0.28048713760153565,0.20372772216796875,240416_HOBIC22_5Spezies_FISH_Tag6.lif,0,1 1,CH,6,P.gingivalis,0.6643089056015015
84565.0044373559,0.7339861688306489,0.4221306749903715,0.3574838638305664,240416_HOBIC22_5Spezies_FISH_Tag6.lif,1,3 1,CH,6,S.oralis,0.6575580835342407
73604.29804628946,0.6613999991714309,0.3684363880269488,0.34529685974121094,240416_HOBIC22_5Spezies_FISH_Tag6.lif,1,3 1,CH,6,A.naeslundii,0.7663167715072632
140896.72141372398,0.9439285013003429,0.48000794239860495,0.46314334869384766,240416_HOBIC22_5Spezies_FISH_Tag6.lif,1,3 1,CH,6,Vd/Vp,0.7538389563560486
66854.3272590695,0.6605021025589636,0.3613622424499338,0.3140573501586914,240416_HOBIC22_5Spezies_FISH_Tag6.lif,1,3 1,CH,6,F.nucleatum,0.4498046636581421
60886.901608904445,0.6388405446195918,0.34507435717791546,0.29572296142578125,240416_HOBIC22_5Spezies_FISH_Tag6.lif,1,3 1,CH,6,P.gingivalis,0.6159920692443848
75799.08420097305,0.7370849411202103,0.4279978185522591,0.3190803527832031,240416_HOBIC22_5Spezies_FISH_Tag6.lif,2,4 1,CH,6,S.oralis,0.6640821695327759
70282.51772586105,0.6450351821292463,0.342777103423536,0.33807849884033203,240416_HOBIC22_5Spezies_FISH_Tag6.lif,2,4 1,CH,6,A.naeslundii,0.7988680005073547
155558.87091621675,1.03238003080124,0.48798625874973256,0.467529296875,240416_HOBIC22_5Spezies_FISH_Tag6.lif,2,4 1,CH,6,Vd/Vp,0.7384868264198303
68097.57297199719,0.6753876138566777,0.37599010487093354,0.3128471374511719,240416_HOBIC22_5Spezies_FISH_Tag6.lif,2,4 1,CH,6,F.nucleatum,0.4656131863594055
68979.45474857606,0.6208997432584595,0.30826420303440594,0.3447084426879883,240416_HOBIC22_5Spezies_FISH_Tag6.lif,2,4 1,CH,6,P.gingivalis,0.633897602558136
90773.08309194048,0.686231534407763,0.3805623176275434,0.410430908203125,240416_HOBIC22_5Spezies_FISH_Tag6.lif,3,5 1,CH,6,S.oralis,0.5710751414299011
84591.9145177223,0.7046681480096983,0.4008317081737598,0.37247562408447266,240416_HOBIC22_5Spezies_FISH_Tag6.lif,3,5 1,CH,6,A.naeslundii,0.6889377236366272
159748.53977143354,0.8837880727034049,0.43877051620962987,0.5608444213867188,240416_HOBIC22_5Spezies_FISH_Tag6.lif,3,5 1,CH,6,Vd/Vp,0.690793514251709
97113.25179815212,0.705461459954407,0.39502221807938004,0.42712879180908203,240416_HOBIC22_5Spezies_FISH_Tag6.lif,3,5 1,CH,6,F.nucleatum,0.41175198554992676
59142.97462927392,0.6432192050301515,0.3466641191306583,0.2852973937988281,240416_HOBIC22_5Spezies_FISH_Tag6.lif,3,5 1,CH,6,P.gingivalis,0.527048647403717
82772.63931306585,0.6738272801199013,0.37283470967017124,0.3811464309692383,240416_HOBIC22_5Spezies_FISH_Tag6.lif,4,5 2,CH,6,S.oralis,0.7356399297714233
65325.68092237017,0.6261499088196044,0.31951923091718093,0.3237123489379883,240416_HOBIC22_5Spezies_FISH_Tag6.lif,4,5 2,CH,6,A.naeslundii,0.8539417386054993
99743.51993910797,0.7111171357886179,0.4016508081620442,0.4352083206176758,240416_HOBIC22_5Spezies_FISH_Tag6.lif,4,5 2,CH,6,Vd/Vp,0.8635979890823364
76288.38634797811,0.6343870441887985,0.32651858814461376,0.37312793731689453,240416_HOBIC22_5Spezies_FISH_Tag6.lif,4,5 2,CH,6,F.nucleatum,0.4663132429122925
52773.28172060313,0.5976960803152456,0.2714105455715065,0.2739601135253906,240416_HOBIC22_5Spezies_FISH_Tag6.lif,4,5 2,CH,6,P.gingivalis,0.6735281944274902
64043.37714993926,0.5886623147420939,0.25076802097755296,0.3375682830810547,241018_HOBIC24_5Spezies_FISH.lif,0,6 Ti 1,DH,-1,S.oralis,0.711320161819458
45774.20047513421,0.5724362432926922,0.21877057302813657,0.24811172485351562,241018_HOBIC24_5Spezies_FISH.lif,0,6 Ti 1,DH,-1,A.naeslundii,0.9097656011581421
52465.27662932371,0.5892458298094149,0.2536831802093425,0.27626705169677734,241018_HOBIC24_5Spezies_FISH.lif,0,6 Ti 1,DH,-1,Vd/Vp,0.848412275314331
58933.53731807942,0.5861305590115276,0.24690129190641208,0.31197643280029297,241018_HOBIC24_5Spezies_FISH.lif,0,6 Ti 1,DH,-1,F.nucleatum,0.3855310380458832
61171.84091701267,0.606863266911619,0.2859922528021036,0.3127622604370117,241018_HOBIC24_5Spezies_FISH.lif,0,6 Ti 1,DH,-1,P.gingivalis,0.784562349319458
66954.74030180812,0.6065073121566726,0.2845890284632193,0.3425302505493164,241018_HOBIC24_5Spezies_FISH.lif,1,15 Ti 1,DH,-1,S.oralis,0.5668681859970093
63755.208632187074,0.6730530180959209,0.3764675235459463,0.2939138412475586,241018_HOBIC24_5Spezies_FISH.lif,1,15 Ti 1,DH,-1,A.naeslundii,0.7511393427848816
59481.11901056371,0.6045328133200051,0.2818539771398723,0.30529022216796875,241018_HOBIC24_5Spezies_FISH.lif,1,15 Ti 1,DH,-1,Vd/Vp,0.8103357553482056
68828.143210973,0.6556340588429906,0.358141173218402,0.3257303237915039,241018_HOBIC24_5Spezies_FISH.lif,1,15 Ti 1,DH,-1,F.nucleatum,0.4625836908817291
67053.46185378086,0.6519667722597108,0.35442613319343474,0.31911659240722656,241018_HOBIC24_5Spezies_FISH.lif,1,15 Ti 1,DH,-1,P.gingivalis,0.6562069654464722
58989.35651335373,0.6268923233708965,0.3175046964325096,0.29196739196777344,241018_HOBIC24_5Spezies_FISH.lif,2,21 Ti 1,DH,-1,S.oralis,0.7634330987930298
32454.018237541823,0.5614448811068337,0.19332332198897234,0.17935562133789062,241018_HOBIC24_5Spezies_FISH.lif,2,21 Ti 1,DH,-1,A.naeslundii,1.0107847452163696
27605.28307117997,0.5711128963131588,0.2164320643372759,0.1499767303466797,241018_HOBIC24_5Spezies_FISH.lif,2,21 Ti 1,DH,-1,Vd/Vp,1.0901988744735718
47514.74447323296,0.5972100044812907,0.27006380725074186,0.24686241149902344,241018_HOBIC24_5Spezies_FISH.lif,2,21 Ti 1,DH,-1,F.nucleatum,0.4449869692325592
41335.57493355629,0.6065694099659025,0.29257046973043216,0.21144485473632812,241018_HOBIC24_5Spezies_FISH.lif,2,21 Ti 1,DH,-1,P.gingivalis,0.8172078132629395
54783.84915369273,0.5978512422224831,0.2700178037006369,0.28432369232177734,241018_HOBIC24_5Spezies_FISH.lif,3,10 Ti 1,DH,-1,S.oralis,0.7943108081817627
74331.4853037335,0.6341272622865278,0.32778073242570305,0.3637056350708008,241018_HOBIC24_5Spezies_FISH.lif,3,10 Ti 1,DH,-1,A.naeslundii,0.8345702886581421
43862.815909680765,0.6170514487082476,0.3033800883271072,0.22056102752685547,241018_HOBIC24_5Spezies_FISH.lif,3,10 Ti 1,DH,-1,Vd/Vp,0.9215401411056519
68770.7862968206,0.6175555470300377,0.3029219455579402,0.34552669525146484,241018_HOBIC24_5Spezies_FISH.lif,3,10 Ti 1,DH,-1,F.nucleatum,0.43085938692092896
71809.4725717945,0.6291415340659695,0.32056965558822825,0.35414981842041016,241018_HOBIC24_5Spezies_FISH.lif,3,10 Ti 1,DH,-1,P.gingivalis,0.7264828681945801
81665.94303651167,0.6793688216087403,0.37704477419776966,0.3729829788208008,241018_HOBIC24_5Spezies_FISH.lif,4,6 Glass 1,DH,-1,S.oralis,0.45494839549064636
53180.93099518214,0.7934717941309999,0.5233928536189856,0.20795917510986328,241018_HOBIC24_5Spezies_FISH.lif,4,6 Glass 1,DH,-1,A.naeslundii,0.7662908434867859
110873.06786298758,0.8478277279639364,0.45066064334923994,0.4057626724243164,241018_HOBIC24_5Spezies_FISH.lif,4,6 Glass 1,DH,-1,Vd/Vp,0.7380942106246948
76165.52260961951,0.6396233967864748,0.3357307681174191,0.3694772720336914,241018_HOBIC24_5Spezies_FISH.lif,4,6 Glass 1,DH,-1,F.nucleatum,0.5284956097602844
79893.26071386105,0.7395339961420717,0.441536827383184,0.3352012634277344,241018_HOBIC24_5Spezies_FISH.lif,4,6 Glass 1,DH,-1,P.gingivalis,0.5791680812835693
72661.215058363,0.6381056896612223,0.3319662925261604,0.3533163070678711,241018_HOBIC24_5Spezies_FISH.lif,5,6 Glass 2,DH,-1,S.oralis,0.5289121866226196
72086.87705740012,0.6137102878106349,0.2961385094071822,0.3644571304321289,241018_HOBIC24_5Spezies_FISH.lif,5,6 Glass 2,DH,-1,A.naeslundii,0.752197265625
87098.3962889927,0.7135626557113683,0.4113677671535556,0.37873172760009766,241018_HOBIC24_5Spezies_FISH.lif,5,6 Glass 2,DH,-1,Vd/Vp,0.7923177480697632
71998.30445002271,0.6252581517822347,0.314737245595303,0.3572864532470703,241018_HOBIC24_5Spezies_FISH.lif,5,6 Glass 2,DH,-1,F.nucleatum,0.49081146717071533
73481.12676415525,0.714664291351293,0.42504450251010767,0.3190269470214844,241018_HOBIC24_5Spezies_FISH.lif,5,6 Glass 2,DH,-1,P.gingivalis,0.5914269685745239
68700.51254409234,0.7183395381797146,0.4206789949161111,0.29674530029296875,241018_HOBIC24_5Spezies_FISH.lif,6,10 glass 1,DH,-1,S.oralis,0.5436173677444458
72320.45655498048,0.6410970843630203,0.33807299609199354,0.3500185012817383,241018_HOBIC24_5Spezies_FISH.lif,6,10 glass 1,DH,-1,A.naeslundii,0.8285590410232544
111900.87916109625,0.8924794319165154,0.48905254549082405,0.3890352249145508,241018_HOBIC24_5Spezies_FISH.lif,6,10 glass 1,DH,-1,Vd/Vp,0.8168069124221802
93845.59918223212,0.7723189844184751,0.446399001076078,0.3770256042480469,241018_HOBIC24_5Spezies_FISH.lif,6,10 glass 1,DH,-1,F.nucleatum,0.5040479898452759
75769.25245473831,0.8616155373807275,0.4998008662377753,0.2728557586669922,241018_HOBIC24_5Spezies_FISH.lif,6,10 glass 1,DH,-1,P.gingivalis,0.581572413444519
64313.86190059353,0.7062909819382234,0.4100200252420889,0.28253650665283203,241018_HOBIC24_5Spezies_FISH.lif,7,10 glass 2,DH,-1,S.oralis,0.5600845217704773
71706.75295073875,0.6211312864080254,0.308271294239684,0.3582038879394531,241018_HOBIC24_5Spezies_FISH.lif,7,10 glass 2,DH,-1,A.naeslundii,0.7305989861488342
105207.18888481401,0.8464802375529524,0.46854423641096227,0.38564014434814453,241018_HOBIC24_5Spezies_FISH.lif,7,10 glass 2,DH,-1,Vd/Vp,0.6892213821411133
69241.48204540089,0.6281993979532079,0.31905672486350894,0.3419971466064453,241018_HOBIC24_5Spezies_FISH.lif,7,10 glass 2,DH,-1,F.nucleatum,0.4095214903354645
71847.45422808306,0.7332040117183581,0.4674556475696016,0.304046630859375,241018_HOBIC24_5Spezies_FISH.lif,7,10 glass 2,DH,-1,P.gingivalis,0.6148554086685181
58192.818134508285,0.7151467668888931,0.43466032964183704,0.25248050689697266,241018_HOBIC24_5Spezies_FISH.lif,8,15 glass 1,DH,-1,S.oralis,0.3827400803565979
79094.26198481068,0.6393538462876283,0.3343271196188905,0.3838462829589844,241018_HOBIC24_5Spezies_FISH.lif,8,15 glass 1,DH,-1,A.naeslundii,0.7446986436843872
96532.45537790131,0.8993660866004414,0.47682546953045485,0.3330354690551758,241018_HOBIC24_5Spezies_FISH.lif,8,15 glass 1,DH,-1,Vd/Vp,0.7374569177627563
93095.19236972909,0.6906731745637219,0.390384049406448,0.41822338104248047,241018_HOBIC24_5Spezies_FISH.lif,8,15 glass 1,DH,-1,F.nucleatum,0.5335803031921387
82986.07469334335,0.7573205718677422,0.46047572637195494,0.3400001525878906,241018_HOBIC24_5Spezies_FISH.lif,8,15 glass 1,DH,-1,P.gingivalis,0.5534067153930664
76630.68257023871,0.7815707371206085,0.46163826802557517,0.30422019958496094,241018_HOBIC24_5Spezies_FISH.lif,9,15 glass 2,DH,-1,S.oralis,0.5569030046463013
66516.95173721875,0.6542682465013768,0.3662423998847314,0.31544971466064453,241018_HOBIC24_5Spezies_FISH.lif,9,15 glass 2,DH,-1,A.naeslundii,0.79638671875
130132.84303905178,0.8694212308949668,0.46941939208520894,0.4644193649291992,241018_HOBIC24_5Spezies_FISH.lif,9,15 glass 2,DH,-1,Vd/Vp,0.7828455567359924
83400.48993098592,0.7006760526465287,0.4123218987715738,0.3693218231201172,241018_HOBIC24_5Spezies_FISH.lif,9,15 glass 2,DH,-1,F.nucleatum,0.4355838894844055
47602.0869055079,1.117605150205301,0.6374380281671285,0.1321573257446289,241018_HOBIC24_5Spezies_FISH.lif,9,15 glass 2,DH,-1,P.gingivalis,0.6383640170097351
55710.324777735936,0.7287587402549884,0.4303811870767165,0.23719501495361328,241018_HOBIC24_5Spezies_FISH.lif,10,21 glass 1,DH,-1,S.oralis,0.43610334396362305
64875.43683486835,0.6489260119409961,0.35477127116800106,0.3101978302001953,241018_HOBIC24_5Spezies_FISH.lif,10,21 glass 1,DH,-1,A.naeslundii,0.8064135313034058
98250.24113660448,0.9572038427793298,0.4715443845686342,0.3184804916381836,241018_HOBIC24_5Spezies_FISH.lif,10,21 glass 1,DH,-1,Vd/Vp,0.7435929775238037
84475.66297053946,0.7146118929811104,0.4105141543853203,0.3667879104614258,241018_HOBIC24_5Spezies_FISH.lif,10,21 glass 1,DH,-1,F.nucleatum,0.5205424427986145
84282.3717075648,0.6976685307497379,0.3977148086709357,0.3748359680175781,241018_HOBIC24_5Spezies_FISH.lif,10,21 glass 1,DH,-1,P.gingivalis,0.6825548410415649
66128.06263295232,0.6715704551342677,0.3784541181917794,0.3055257797241211,241018_HOBIC24_5Spezies_FISH.lif,11,21 glass 2,DH,-1,S.oralis,0.5040937066078186
68120.7925270562,0.6232088870205351,0.3119787849022169,0.3391561508178711,241018_HOBIC24_5Spezies_FISH.lif,11,21 glass 2,DH,-1,A.naeslundii,0.7686361074447632
116847.10570432838,0.7846240220177576,0.44796961626785997,0.46207237243652344,241018_HOBIC24_5Spezies_FISH.lif,11,21 glass 2,DH,-1,Vd/Vp,0.7715473175048828
93477.16173904415,0.9082272002412942,0.4780287030663539,0.3193483352661133,241018_HOBIC24_5Spezies_FISH.lif,11,21 glass 2,DH,-1,F.nucleatum,0.48621875047683716
87993.04113225965,1.0146054779810463,0.509037829342017,0.26909446716308594,241018_HOBIC24_5Spezies_FISH.lif,11,21 glass 2,DH,-1,P.gingivalis,0.49012500047683716
60617.339489577025,0.6983158567675322,0.41590609398331324,0.26933860778808594,241018_HOBIC24_5Spezies_FISH.lif,12,21 glass 3,DH,-1,S.oralis,0.46071746945381165
28152.40344800083,2.076594352498413,0.6081544946312248,0.042064666748046875,241018_HOBIC24_5Spezies_FISH.lif,12,21 glass 3,DH,-1,A.naeslundii,0.9273563623428345
140437.09724106584,1.060329307664103,0.554051714091341,0.41095542907714844,241018_HOBIC24_5Spezies_FISH.lif,12,21 glass 3,DH,-1,Vd/Vp,0.78656005859375
99374.46740836877,0.9599299130377984,0.5499377521797874,0.3212099075317383,241018_HOBIC24_5Spezies_FISH.lif,12,21 glass 3,DH,-1,F.nucleatum,0.5481250286102295
95125.75014823372,0.8541995606094057,0.5046357862016034,0.3455352783203125,241018_HOBIC24_5Spezies_FISH.lif,12,21 glass 3,DH,-1,P.gingivalis,0.547589898109436
68356.98614672928,0.6362126626998884,0.32805547582212663,0.3333759307861328,241018_HOBIC24_5Spezies_FISH.lif,13,6 Ti 2,DH,-1,S.oralis,0.72601318359375
60118.65725741568,0.5962786574398681,0.2670971937622102,0.3128337860107422,241018_HOBIC24_5Spezies_FISH.lif,13,6 Ti 2,DH,-1,A.naeslundii,0.810546875
59103.30148221945,0.6138414274906389,0.29738419982460423,0.2987508773803711,241018_HOBIC24_5Spezies_FISH.lif,13,6 Ti 2,DH,-1,Vd/Vp,0.8193132281303406
56516.39701362547,0.5904478203069808,0.2559132176656296,0.2969932556152344,241018_HOBIC24_5Spezies_FISH.lif,13,6 Ti 2,DH,-1,F.nucleatum,0.3759968876838684
63969.87418756704,0.6065676200662737,0.28531232081934743,0.3272275924682617,241018_HOBIC24_5Spezies_FISH.lif,13,6 Ti 2,DH,-1,P.gingivalis,0.7113896012306213
81913.82331965817,0.7525570869465771,0.441632069706107,0.33773136138916016,241018_HOBIC24_5Spezies_FISH.lif,14,6 Ti 3 highres,DH,-1,S.oralis,0.9403631091117859
64070.9023178569,0.6150686709056841,0.30114168366244515,0.3232145309448242,241018_HOBIC24_5Spezies_FISH.lif,14,6 Ti 3 highres,DH,-1,A.naeslundii,1.0645978450775146
66079.93203206842,0.6555406361102809,0.3612252064833592,0.31276893615722656,241018_HOBIC24_5Spezies_FISH.lif,14,6 Ti 3 highres,DH,-1,Vd/Vp,1.0281059741973877
61371.89814305088,0.6176296753399403,0.30465270463037253,0.3083152770996094,241018_HOBIC24_5Spezies_FISH.lif,14,6 Ti 3 highres,DH,-1,F.nucleatum,0.4951944351196289
67153.41358085607,0.6218921402811656,0.3103711761340249,0.33504772186279297,241018_HOBIC24_5Spezies_FISH.lif,14,6 Ti 3 highres,DH,-1,P.gingivalis,0.9320614337921143
58051.96308527616,0.6013635469235055,0.2765766279844056,0.29952526092529297,241018_HOBIC24_5Spezies_FISH.lif,15,10 Ti 2,DH,-1,S.oralis,0.7782480120658875
53542.294931530945,0.5889206378022768,0.2533030473764024,0.28209400177001953,241018_HOBIC24_5Spezies_FISH.lif,15,10 Ti 2,DH,-1,A.naeslundii,0.88916015625
45153.42336405331,0.5907899112453401,0.257696282474849,0.23714351654052734,241018_HOBIC24_5Spezies_FISH.lif,15,10 Ti 2,DH,-1,Vd/Vp,0.9164062738418579
89442.64871862566,0.6502391944281206,0.3457278034339986,0.4268007278442383,241018_HOBIC24_5Spezies_FISH.lif,15,10 Ti 2,DH,-1,F.nucleatum,0.39111897349357605
76822.5898862231,0.6365402037386034,0.33014489215943765,0.3744697570800781,241018_HOBIC24_5Spezies_FISH.lif,15,10 Ti 2,DH,-1,P.gingivalis,0.7305256128311157
55881.626660754046,0.5933270517054576,0.26168856691326964,0.2922325134277344,241018_HOBIC24_5Spezies_FISH.lif,16,10 Ti 3,DH,-1,S.oralis,0.7782480120658875
59487.88497362726,0.5962387400264931,0.26677747841231364,0.3095722198486328,241018_HOBIC24_5Spezies_FISH.lif,16,10 Ti 3,DH,-1,A.naeslundii,0.8561448454856873
46980.69470687577,0.5959446703159602,0.26897179112983843,0.24460601806640625,241018_HOBIC24_5Spezies_FISH.lif,16,10 Ti 3,DH,-1,Vd/Vp,0.892693042755127
84991.7214260231,0.640670399708999,0.3343063760423597,0.4116191864013672,241018_HOBIC24_5Spezies_FISH.lif,16,10 Ti 3,DH,-1,F.nucleatum,0.3935185372829437
69729.09270164007,0.6200548197628178,0.30690252234565907,0.34892940521240234,241018_HOBIC24_5Spezies_FISH.lif,16,10 Ti 3,DH,-1,P.gingivalis,0.7414640784263611
61741.4119894535,0.5981471506586624,0.27023719727770174,0.32027435302734375,241018_HOBIC24_5Spezies_FISH.lif,17,15 Ti 2,DH,-1,S.oralis,0.7113091349601746
55290.988839683516,0.5862466457661861,0.24783772117477568,0.2926359176635742,241018_HOBIC24_5Spezies_FISH.lif,17,15 Ti 2,DH,-1,A.naeslundii,0.8357354402542114
58422.55333489344,0.5955414951279882,0.2656684784265945,0.3043842315673828,241018_HOBIC24_5Spezies_FISH.lif,17,15 Ti 2,DH,-1,Vd/Vp,0.8346619606018066
87009.66990972748,0.6425824050555332,0.33637498469487326,0.4201383590698242,241018_HOBIC24_5Spezies_FISH.lif,17,15 Ti 2,DH,-1,F.nucleatum,0.3961077928543091
67475.41191392601,0.611126813203944,0.29260996129643435,0.34258460998535156,241018_HOBIC24_5Spezies_FISH.lif,17,15 Ti 2,DH,-1,P.gingivalis,0.7110894918441772
81018.25584506438,0.6879203339979538,0.3831220776729031,0.36542510986328125,241018_HOBIC24_5Spezies_FISH.lif,18,21 TI 2,DH,-1,S.oralis,0.6835521459579468
29336.44698412243,0.5571514762538526,0.18228118344728672,0.1633758544921875,241018_HOBIC24_5Spezies_FISH.lif,18,21 TI 2,DH,-1,A.naeslundii,0.9778262972831726
54578.71745535686,0.5992709781820023,0.27305543800843474,0.28258800506591797,241018_HOBIC24_5Spezies_FISH.lif,18,21 TI 2,DH,-1,Vd/Vp,0.869140625
48106.61246940595,0.5928181698356183,0.2602269555874846,0.2517890930175781,241018_HOBIC24_5Spezies_FISH.lif,18,21 TI 2,DH,-1,F.nucleatum,0.41113314032554626
31779.113421952512,0.5657891092955682,0.20414406123658488,0.17427730560302734,241018_HOBIC24_5Spezies_FISH.lif,18,21 TI 2,DH,-1,P.gingivalis,0.7844033241271973
76041.12115238285,0.6568973896835281,0.34299198330787306,0.3591737747192383,241203_HOBIC24_5Spezies_FISH_Tag1.lif,0,HOBIC24 1 1,DH,1,S.oralis,0.49522775411605835
55296.370855756795,0.5284367592589873,0.10063697918320541,0.32468128204345703,241203_HOBIC24_5Spezies_FISH_Tag1.lif,0,HOBIC24 1 1,DH,1,A.naeslundii,0.6393479704856873
8781.14365327584,0.816882012352033,0.4747572518466155,0.03335380554199219,241203_HOBIC24_5Spezies_FISH_Tag1.lif,0,HOBIC24 1 1,DH,1,Vd/Vp,1.1074916124343872
51134.996027896705,0.564266032878738,0.20372854466448048,0.28118228912353516,241203_HOBIC24_5Spezies_FISH_Tag1.lif,0,HOBIC24 1 1,DH,1,F.nucleatum,0.35220739245414734
45742.215922470146,0.5596436604305725,0.19116201699379523,0.25360584259033203,241203_HOBIC24_5Spezies_FISH_Tag1.lif,0,HOBIC24 1 1,DH,1,P.gingivalis,0.3951537311077118
78244.51853278368,0.6405247345511272,0.3237588191950175,0.3790283203125,241203_HOBIC24_5Spezies_FISH_Tag1.lif,1,HOBIC24 2 1,DH,1,S.oralis,0.44604992866516113
49282.50609547373,0.5337178364578063,0.11817420968919268,0.28650665283203125,241203_HOBIC24_5Spezies_FISH_Tag1.lif,1,HOBIC24 2 1,DH,1,A.naeslundii,0.6588755249977112
15314.14230679872,0.8064757287839305,0.46832558446819444,0.05891895294189453,241203_HOBIC24_5Spezies_FISH_Tag1.lif,1,HOBIC24 2 1,DH,1,Vd/Vp,0.7553842663764954
65016.7531997639,0.5886390914403383,0.26055715337961866,0.34271240234375,241203_HOBIC24_5Spezies_FISH_Tag1.lif,1,HOBIC24 2 1,DH,1,F.nucleatum,0.3385534882545471
13168.870699989311,0.6907061259692735,0.40875472741558144,0.059157371520996094,241203_HOBIC24_5Spezies_FISH_Tag1.lif,1,HOBIC24 2 1,DH,1,P.gingivalis,0.5195798873901367
214128.58394774245,1.4905225970847302,0.45756402756225717,0.44574832916259766,241203_HOBIC24_5Spezies_FISH_Tag1.lif,2,HOBIC24 3 1 detailed,DH,1,S.oralis,0.5184462070465088
73327.04733257164,0.6451877026259566,0.34575881716855505,0.35264015197753906,241203_HOBIC24_5Spezies_FISH_Tag1.lif,2,HOBIC24 3 1 detailed,DH,1,A.naeslundii,0.8277698755264282
34629.27536247379,2.3730371898563547,0.5438967915673564,0.04527854919433594,241203_HOBIC24_5Spezies_FISH_Tag1.lif,2,HOBIC24 3 1 detailed,DH,1,Vd/Vp,0.8968850374221802
114043.38287392512,0.9770910038921163,0.506682129546168,0.3621501922607422,241203_HOBIC24_5Spezies_FISH_Tag1.lif,2,HOBIC24 3 1 detailed,DH,1,F.nucleatum,0.442491352558136
78292.34158989196,0.8302042017710538,0.5331267416585045,0.29260921478271484,241203_HOBIC24_5Spezies_FISH_Tag1.lif,2,HOBIC24 3 1 detailed,DH,1,P.gingivalis,0.4212949275970459
129541.89767420563,1.0207019505036097,0.46322732948317463,0.39379024505615234,241203_HOBIC24_5Spezies_FISH_Tag1.lif,3,HOBIC24 1 2,DH,1,S.oralis,0.4865056872367859
101720.2575568798,0.7102442249954396,0.39956709097477855,0.4443788528442383,241203_HOBIC24_5Spezies_FISH_Tag1.lif,3,HOBIC24 1 2,DH,1,A.naeslundii,0.7798942923545837
34238.69476744147,1.97088334778224,0.49372706855699344,0.053902626037597656,241203_HOBIC24_5Spezies_FISH_Tag1.lif,3,HOBIC24 1 2,DH,1,Vd/Vp,0.8480650186538696
127118.14517857593,0.9212113047216416,0.4669088112280035,0.42815589904785156,241203_HOBIC24_5Spezies_FISH_Tag1.lif,3,HOBIC24 1 2,DH,1,F.nucleatum,0.4507102370262146
102410.3857893621,0.9543368268043774,0.5415067789869251,0.3329629898071289,241203_HOBIC24_5Spezies_FISH_Tag1.lif,3,HOBIC24 1 2,DH,1,P.gingivalis,0.42116522789001465
133829.98053761953,0.9898216726226193,0.46371709607813183,0.41951751708984375,241203_HOBIC24_5Spezies_FISH_Tag1.lif,4,HOBIC24 1 3,DH,1,S.oralis,0.6264392137527466
81409.29775576013,0.6915799575965824,0.3902802092418769,0.3652458190917969,241203_HOBIC24_5Spezies_FISH_Tag1.lif,4,HOBIC24 1 3,DH,1,A.naeslundii,0.8216769695281982
36000.766829833345,2.0606107350198797,0.5425043287132227,0.05420875549316406,241203_HOBIC24_5Spezies_FISH_Tag1.lif,4,HOBIC24 1 3,DH,1,Vd/Vp,0.9822225570678711
90200.74412551911,0.8547328982050227,0.4758679010305284,0.3274412155151367,241203_HOBIC24_5Spezies_FISH_Tag1.lif,4,HOBIC24 1 3,DH,1,F.nucleatum,0.4364720582962036
87870.79248145228,0.7504782363765707,0.45200364002463794,0.3632955551147461,241203_HOBIC24_5Spezies_FISH_Tag1.lif,4,HOBIC24 1 3,DH,1,P.gingivalis,0.5365229845046997
1862.4851051304959,1.5662014990953732,0.4581722054483817,0.0036897659301757812,241203_HOBIC24_5Spezies_FISH_Tag1.lif,5,HOBIC24 2 2,DH,1,S.oralis,2.697544813156128
75595.49022151527,0.6379369365724096,0.3348371143167202,0.36768150329589844,241203_HOBIC24_5Spezies_FISH_Tag1.lif,5,HOBIC24 2 2,DH,1,A.naeslundii,0.7956043481826782
20656.639004912064,1.6018018423624185,0.4816947866847823,0.04001331329345703,241203_HOBIC24_5Spezies_FISH_Tag1.lif,5,HOBIC24 2 2,DH,1,Vd/Vp,1.1442123651504517
89737.27565566578,0.7628747186534035,0.4369055461879201,0.36498355865478516,241203_HOBIC24_5Spezies_FISH_Tag1.lif,5,HOBIC24 2 2,DH,1,F.nucleatum,0.497140109539032
66750.2236910235,0.7327724137232936,0.452972465521928,0.2826423645019531,241203_HOBIC24_5Spezies_FISH_Tag1.lif,5,HOBIC24 2 2,DH,1,P.gingivalis,0.4181663990020752
129290.32686575175,1.0308855812825024,0.4676230490827422,0.3891429901123047,241203_HOBIC24_5Spezies_FISH_Tag1.lif,6,HOBIC24 3 2,DH,1,S.oralis,0.5230600237846375
87087.01716929491,0.6804173711637289,0.3788130464805408,0.3971290588378906,241203_HOBIC24_5Spezies_FISH_Tag1.lif,6,HOBIC24 3 2,DH,1,A.naeslundii,0.7653951644897461
35559.287739936575,2.1755368491321763,0.5457005170948619,0.05071544647216797,241203_HOBIC24_5Spezies_FISH_Tag1.lif,6,HOBIC24 3 2,DH,1,Vd/Vp,0.7627682089805603
118912.87724514105,0.8965727623077707,0.47971185136440475,0.4115257263183594,241203_HOBIC24_5Spezies_FISH_Tag1.lif,6,HOBIC24 3 2,DH,1,F.nucleatum,0.440185546875
93645.2344124183,0.845875372788326,0.5230009008794949,0.3435049057006836,241203_HOBIC24_5Spezies_FISH_Tag1.lif,6,HOBIC24 3 2,DH,1,P.gingivalis,0.44846099615097046
