Genus,mean_abundance,std_deviation,mean_health,mean_periimplantitis,p_value,fdr_p
Abiotrophia,0.7278257,1.730280658,0.834844252,0.620807148,0.289502698,0.559062141
Actinomyces,1.665945047,2.601436149,2.533323845,0.798566249,0.00591703,0.098360715
Aggregatibacter,1.117239896,3.742043,1.912230806,0.322248986,0.019075972,0.160893684
Alloprevotella,1.764823616,3.007255859,0.961529144,2.568118088,0.649782871,0.882540914
Alloscardovia,0.020267517,0.080036685,0.033680311,0.006854724,0.911934721,0.999832043
Anaeroglobus,0.657067711,1.761425482,0.242234865,1.071900558,0.124140254,0.387306847
Arachnia,0.283988814,0.777680104,0.272125577,0.295852051,0.279222076,0.559062141
Bacteroidales,0.261496915,0.477729118,0.247375837,0.275617993,0.558807139,0.789035799
Bergeyella,0.093481604,0.122696307,0.133101457,0.053861752,0.101211646,0.354240762
Bifidobacterium,1.131423197,2.152850501,0.944148699,1.318697695,0.908805571,0.999832043
Brachymonas,0.018382409,0.039912379,0.030673937,0.006090881,0.056260228,0.269456882
Bulleidia,0.037223181,0.09847325,0.031188611,0.043257752,0.892472746,0.999832043
Campylobacter,1.251827468,1.086292898,1.053894994,1.449759943,0.281836841,0.559062141
Capnocytophaga,1.672904416,2.311645496,1.559652495,1.786156338,0.718208808,0.920521149
Cardiobacterium,0.510287154,1.200566471,0.414479896,0.606094413,0.127683576,0.387306847
Catonella,0.253474454,0.476788638,0.153325031,0.353623878,0.336073882,0.559062141
Centipeda,0.031137953,0.074290858,0.037941091,0.024334815,0.87935097,0.999832043
Corynebacterium,0.169162958,0.333941334,0.230994059,0.107331857,0.004130665,0.093972637
Cryptobacterium,0.113812384,0.469686835,0.0250247,0.202600069,0.268642742,0.559062141
Desulfobulbus,0.080109069,0.217448888,0.026209812,0.134008326,0.100769381,0.354240762
Desulfovibrio,0.09343958,0.377998674,0.005134769,0.181744392,0.316306015,0.559062141
Dialister,1.483391714,1.460451524,0.74204384,2.224739587,0.000668127,0.020266515
Eggerthia,0.037588829,0.094476352,0.060104565,0.015073093,0.165538514,0.407135264
Eubacterium,0.799835121,1.39024314,0.713366132,0.88630411,0.109844795,0.370217641
Filifactor,0.167601748,0.430504877,0.273074267,0.062129229,0.019448687,0.160893684
Flexilinea,0.046656691,0.138162071,0.010465458,0.082847923,0.033603109,0.206699361
Fretibacterium,0.732029153,1.363790855,0.495771039,0.968287267,0.39002431,0.62267039
Fudania,0.008657348,0.030934207,0.009282517,0.008032179,0.750537773,0.922958613
Fusobacterium,9.544573301,7.16093581,7.679862338,11.40928426,0.085151945,0.352219409
Gemella,1.57931654,2.570974214,1.975999185,1.182633895,0.06200204,0.282109284
Granulicatella,0.989616688,1.299753963,1.218660469,0.760572907,0.040149021,0.21491535
Haemophilus,1.30267094,2.959335477,1.928262496,0.677079385,0.00805125,0.104666245
Johnsonella,0.033407875,0.1370297,0.064003285,0.002812465,0.155785777,0.407135264
Kingella,0.372251491,0.600552343,0.323795506,0.420707475,0.296636074,0.559062141
Lachnoanaerobaculum,0.110679345,0.251160774,0.165791673,0.055567018,0.034071323,0.206699361
Lacticaseibacillus,0.399610615,1.60605984,0.296541454,0.502679776,0.70324001,0.920521149
Lactobacillus,1.154744421,5.182759091,0.395019488,1.914469353,0.708502746,0.920521149
Lancefieldella,1.450918629,2.391424382,0.614860131,2.286977127,0.17007846,0.407293154
Lautropia,0.482858991,1.148859661,0.489856605,0.475861376,0.14421664,0.407135264
Leptotrichia,1.752324455,2.5441323,1.749114806,1.755534103,0.288223248,0.559062141
Ligilactobacillus,0.071642577,0.413616357,0.137032028,0.006253127,0.301928049,0.559062141
Megasphaera,0.406635182,0.891487889,0.164317324,0.648953039,0.610647957,0.841954001
Metamycoplasma,0.095921339,0.186966795,0.034223472,0.157619205,0.047942235,0.242374635
Mogibacterium,0.636869341,1.091667577,0.490343832,0.78339485,0.100973392,0.354240762
Neisseria,3.475793114,5.785480114,4.524292335,2.427293893,0.036353482,0.206760428
Olsenella,0.180614544,0.337440474,0.134289314,0.226939774,0.123270213,0.387306847
Oribacterium,0.30931697,0.509346187,0.275345314,0.343288625,0.78070875,0.934796003
Ottowia,0.183352336,0.62048793,0.130492156,0.236212515,0.74741,0.922958613
Parvimonas,1.281963503,1.599939922,0.893445795,1.670481211,0.031936275,0.206699361
Peptidiphaga,0.134958101,0.514348364,0.196257416,0.073658786,0.165351457,0.407135264
Peptococcus,0.148816493,0.305132086,0.094407942,0.203225044,0.800063272,0.945529321
PeptoniphilaceaeG-1,0.193177137,0.866912996,0.143130148,0.243224127,0.551551039,0.789035799
Peptoniphilus,0.000387385,0.001377659,0.000573033,0.000201737,0.322518942,0.559062141
Peptostreptococcaceae_incertae_sedis,0.067735142,0.207745503,0.04724982,0.088220463,0.811848786,0.947156917
Peptostreptococcus,0.454414246,0.971523835,0.178725491,0.730103001,0.906790003,0.999832043
Phocaeicola,0.021552183,0.054789076,0.028953453,0.014150913,0.744706801,0.922958613
Porphyromonas,8.060157616,12.08143094,4.627276501,11.49303873,0.067726454,0.293481299
Prevotella,9.203466578,7.710821119,5.884472739,12.52246042,0.009969192,0.113399555
Propionivibrio,0.006416144,0.01583414,0.009886999,0.002945288,0.154666319,0.407135264
Pseudoramibacter,0.311872245,0.760645857,0.03095776,0.59278673,0.006485322,0.098360715
Rothia,5.251785473,8.060365815,8.754217863,1.749353082,4.22558e-05,0.001922638
RuminococcaceaeG-2,0.0054554,0.017181429,0.008693896,0.002216905,0.163258663,0.407135264
Saccharibacteria,1.352836668,2.789434237,0.819202464,1.886470872,0.563597,0.789035799
Scardovia,0.681949003,2.464673677,0.366544361,0.997353644,0.434030791,0.675951034
Schaalia,0.766261801,0.873992141,0.949110793,0.58341281,0.022979765,0.174263216
Schwartzia,0.332961735,0.597233646,0.129635775,0.536287695,0.016054051,0.160893684
Selenomonas,1.433096118,2.089378127,0.799153123,2.067039113,0.439332478,0.675951034
Shuttleworthia,0.036974578,0.126952469,0.019516428,0.054432727,0.768047822,0.931898024
Slackia,0.019597938,0.029104945,0.019319756,0.01987612,0.445682001,0.675951034
Solobacterium,0.202033308,0.347785968,0.178398738,0.225667879,0.718069595,0.920521149
Sphaerochaeta,0.011107477,0.05903799,0.002984492,0.019230463,0.388162871,0.62267039
SR1,0.017953094,0.054765933,0.003850115,0.032056073,0.485044291,0.723590664
Stomatobaculum,0.147631612,0.569829908,0.094930078,0.200333147,0.306325227,0.559062141
Streptococcus,21.56184874,14.41318133,30.44311086,12.68058661,4.17358e-07,3.79796e-05
Tannerella,1.051161257,1.327098207,0.625764054,1.476558461,0.137539044,0.403743646
Treponema,1.570966114,2.186120355,0.911758077,2.230174151,0.563332009,0.789035799
Unknown,0.868380612,1.12672548,0.5942384,1.142522823,0.278964122,0.559062141
Veillonella,4.234133727,4.790473315,5.549484186,2.918783268,0.093046618,0.354240762
