Species_OTU,mean_abundance,std_deviation,mean_health,mean_periimplantitis,p_value,fdr_p,lda_cap
Abiotrophia defectiva,0.721220539,1.717509468,0.824976731,0.617464347,0.289502698,0.600118256,0.221826226
Absconditabacteria G-1 sp. HMT-345,0.009691717,0.027249979,0.003095663,0.01628777,0.515046337,0.765935419,-0.125453316
Absconditabacteria G-1 sp. HMT-874,0.00763197,0.034236036,0.000416686,0.014847253,0.323720698,0.600118256,-0.002644887
Absconditabacteria G-1 sp. HMT-875,0.000629407,0.002740209,0.000337765,0.00092105,0.572000957,0.787351719,-0.138663577
Actinomyces cardiffensis,0.013303359,0.036682082,0.019917694,0.006689023,0.391102978,0.654264335,0.106102813
Actinomyces dentalis,0.035614236,0.097459693,0.053873737,0.017354736,0.030059852,0.325353415,0.316728091
Actinomyces georgiae,0.008185342,0.026521457,0.013412489,0.002958194,0.424430938,0.675867614,0.075080745
Actinomyces gerencseriae,0.128840579,0.491825183,0.213808022,0.043873135,0.030926562,0.325353415,0.285337788
Actinomyces graevenitzii,0.017261614,0.040000379,0.025867487,0.008655741,0.023001242,0.280880546,0.392375915
Actinomyces israelii,0.09673679,0.230312564,0.065196322,0.128277258,0.458567743,0.71421291,-0.098817934
Actinomyces johnsonii,0.009022968,0.029032221,0.010493342,0.007552593,0.340189426,0.600118256,0.213127171
Actinomyces massiliensis,0.011896965,0.032749836,0.020550677,0.003243253,0.006984909,0.192529246,0.345329298
Actinomyces meyeri,0.041402177,0.085137953,0.070723575,0.01208078,0.010218587,0.192529246,0.282329513
Actinomyces naeslundii,0.123700144,0.295642344,0.210339223,0.037061065,0.047287548,0.360813321,0.197729391
Actinomyces odontolyticus,0.172036823,0.401279059,0.269974791,0.074098856,0.00536992,0.192529246,0.399263229
Actinomyces oris,0.53356549,2.255897331,0.966081953,0.101049028,0.170608667,0.56290201,0.208897414
Actinomyces sp. HMT-169,0.162340412,0.494864812,0.248546649,0.076134175,0.053187927,0.368944353,0.37843975
Actinomyces sp. HMT-170,0.008942134,0.050538437,0.016512848,0.00137142,0.322518942,0.600118256,0.066914478
Actinomyces sp. HMT-171,0.019110367,0.041330174,0.01868043,0.019540304,0.661705972,0.827132464,0.084565262
Actinomyces sp. HMT-172,0.171839457,0.49872585,0.200810849,0.142868064,0.010852663,0.194229447,0.538809106
Actinomyces sp. HMT-175,0.085788328,0.248440413,0.096963944,0.074612712,0.004953567,0.192529246,0.273397797
Actinomyces sp. HMT-178,0.006748662,0.026795052,0.012918389,0.000578935,0.184615205,0.577490913,0.229866948
Actinomyces sp. HMT-180,0.10917342,0.19203197,0.077613452,0.140733388,0.666667386,0.831697034,-0.167304511
Actinomyces sp. HMT-448,0.001547183,0.005499558,0.002367919,0.000726446,0.399060512,0.658991323,0.220470243
Actinomyces sp. HMT-525,0.013418583,0.034730047,0.020358048,0.006479117,0.118181897,0.555892625,0.043791308
Actinomyces sp. HMT-897,0.043261761,0.120960632,0.017008896,0.069514625,0.394164891,0.656941485,-0.096264972
Actinomyces turicensis,0.00149275,0.009207992,0.002683376,0.000302124,0.605877247,0.791629736,-0.295694905
Aggregatibacter actinomycetemcomitans,0.900916117,3.740730236,1.717484239,0.084347994,0.012580651,0.202666974,0.438919097
Aggregatibacter aphrophilus,0.183258506,0.599354564,0.144540081,0.221976931,0.421626231,0.674389564,-0.03745159
Aggregatibacter sp. HMT-458,0.011230313,0.048617831,0.00701459,0.015446036,0.322518942,0.600118256,0.071103709
Aggregatibacter sp. HMT-513,0.01572192,0.105641592,0.030965816,0.000478025,0.572000957,0.787351719,-0.167120655
Algoriella xinjiangensis NA NA Alloprevotella rava,0.043002012,0.088409871,0.051156391,0.034847633,0.296234892,0.600118256,0.042698781
Alloprevotella sp. HMT-308,0.052802394,0.089325051,0.068584013,0.037020776,0.263711386,0.600118256,0.072065413
Alloprevotella sp. HMT-912,0.017090807,0.047136191,0.009841128,0.024340486,0.400583702,0.658991323,-0.211986469
Alloprevotella sp. HMT-913,0.025094589,0.072797849,0.00908722,0.041101958,0.220512914,0.600118256,-0.223045024
Alloprevotella sp. HMT-914,0.008536381,0.038223627,0.014244342,0.00282842,0.053453355,0.368944353,0.149413516
Alloprevotella tannerae,1.550027871,2.806900287,0.784779987,2.315275755,0.386226002,0.652269976,-0.141137072
Anaeroglobus geminatus,0.657067711,1.761425482,0.242234865,1.071900558,0.124140254,0.561061286,-0.316464436
Anaerolineae G-1 sp. HMT-439,0.046656691,0.138162071,0.010465458,0.082847923,0.033603109,0.338697999,-0.291895859
Atopobium deltae NA NA Atopobium parvulum,0.179212412,0.311277816,0.197188624,0.1612362,0.266217857,0.600118256,0.155247898
Atopobium rimae,1.211031672,2.386858825,0.389537229,2.032526115,0.063770853,0.404944918,-0.321078405
Atopobium sp. HMT-199,0.058711782,0.156096984,0.02752389,0.089899674,0.82826783,0.9615175,0.039899137
Bacteroidales G-2 sp. HMT-274,0.261496915,0.477729118,0.247375837,0.275617993,0.558807139,0.787351719,-0.080736121
Bacteroidetes G-5 sp. HMT-511,0.104430351,0.334584563,0.118236977,0.090623725,0.238190199,0.600118256,-0.183079223
Bergeyella sp. HMT-322,0.085034018,0.117801094,0.12657976,0.043488277,0.047831418,0.360813321,0.307466067
Bergeyella sp. HMT-900,0.004265011,0.018547376,0.004929514,0.003600508,0.654727339,0.82327101,-0.048724805
Bergeyella sp. HMT-907,0.003364806,0.016271977,0.000377138,0.006352473,0.572844873,0.787351719,-0.227041214
Bulleidia extructa,0.025091245,0.090190792,0.024726891,0.025455599,0.484676702,0.741613748,0.124831757
Campylobacter concisus,0.100971008,0.141804615,0.086668434,0.115273581,0.274224109,0.600118256,-0.112931835
Campylobacter curvus,0.020645263,0.090782148,0.002427865,0.038862661,0.356974132,0.615974385,-0.336117657
Campylobacter gracilis,0.605416573,0.70939058,0.638228717,0.57260443,0.844682202,0.97345408,-0.079470199
Campylobacter rectus,0.124605175,0.2742799,0.071408045,0.177802305,0.487946708,0.742824985,-0.104992911
Campylobacter showae,0.163147108,0.328178752,0.11178392,0.214510297,0.567338827,0.787351719,-0.058662944
Campylobacter sp. HMT-044,0.040720946,0.20108264,0.000924722,0.080517169,0.324784491,0.600118256,-0.192473345
Campylobacter ureolyticus,0.00104968,0.006092068,0.001766484,0.000332876,0.605877247,0.791629736,-0.301903721
Capnocytophaga gingivalis,0.371518193,0.590387017,0.419095281,0.323941106,0.580061008,0.791629736,0.021379408
Capnocytophaga granulosa,0.108279092,0.366120328,0.065289939,0.151268244,0.853828802,0.978666588,0.086808211
Capnocytophaga haemolytica,0.020125069,0.085722642,0.00758689,0.032663247,0.53905226,0.77618636,0.017074246
Capnocytophaga leadbetteri,0.290141053,0.70494225,0.277649551,0.302632555,0.48900893,0.742824985,0.212385625
Capnocytophaga sp. HMT-326,0.060056373,0.18078579,0.030637697,0.08947505,0.403955579,0.66282117,-0.006286386
Capnocytophaga sp. HMT-335,0.00332273,0.011335756,0.005588117,0.001057342,0.131356584,0.561061286,0.089464152
Capnocytophaga sp. HMT-336,0.041721138,0.121428443,0.062068566,0.021373709,0.678841491,0.840964017,0.107931919
Capnocytophaga sp. HMT-338,0.019090261,0.056297692,0.013779624,0.024400898,0.494875601,0.746427568,-0.103063996
Capnocytophaga sp. HMT-412,0.051221047,0.319371441,0.099422895,0.003019199,0.043520648,0.354302708,0.301087548
Capnocytophaga sp. HMT-864,0.002573601,0.009453651,0.000828709,0.004318493,0.572844873,0.787351719,0.128567973
Capnocytophaga sp. HMT-902,0.0013822,0.00714061,0.002578429,0.00018597,0.53905226,0.77618636,0.021472158
Capnocytophaga sputigena,0.527668452,1.405529273,0.304375102,0.750961802,0.762082941,0.898929696,0.112722794
Cardiobacterium hominis,0.172751312,0.358758275,0.132828314,0.212674311,0.734795853,0.880368616,0.110570557
Cardiobacterium valvarum,0.305370283,1.140351759,0.217750617,0.39298995,0.356305122,0.615974385,0.198551358
Carnobacterium iners NA NA Catonella morbi,0.233177094,0.434958179,0.137298058,0.329056129,0.568368072,0.787351719,-0.290384183
Catonella sp. HMT-164,0.007341176,0.040534658,0.000701288,0.013981065,0.53905226,0.77618636,-0.111758704
Catonella sp. HMT-451,0.009619075,0.048923335,0.014793489,0.00444466,0.322518942,0.600118256,0.178891497
Clostridiales F-1G-1 sp. HMT-093,0.026377699,0.071525277,0.019467214,0.033288185,0.34961243,0.606568013,-0.009293543
Corynebacterium callunae,0.001471682,0.00654803,0.002660032,0.000283331,0.53905226,0.77618636,0.11745012
Corynebacterium durum,0.039537638,0.093771521,0.066418682,0.012656594,0.017705319,0.244410386,0.367209513
Corynebacterium matruchotii,0.095396564,0.258129546,0.123716398,0.06707673,0.420435818,0.674183698,0.354318894
Corynebacterium tuberculostearicum,0.001486119,0.006135314,0.002698601,0.000273637,0.282231305,0.600118256,0.231766388
Cryptobacterium curtum,0.065549254,0.284870268,0.01315841,0.117940097,0.596192422,0.791629736,-0.021201132
Desulfobulbus sp. HMT-041,0.080109069,0.217448888,0.026209812,0.134008326,0.100769381,0.499910603,-0.327547149
Desulfovibrio sp. HMT-040,0.005831665,0.031515313,0.00021774,0.011445591,0.53905226,0.77618636,-0.068555687
Dialister invisus,1.102042648,1.331121885,0.544792726,1.65929257,0.009652171,0.192529246,-0.439148846
Dialister micraerophilus,0.009798788,0.047487331,0.002890862,0.016706714,0.399060512,0.658991323,-0.216030611
Dialister pneumosintes,0.367718325,0.60151291,0.19402162,0.54141503,0.268470706,0.600118256,-0.31189754
Erysipelotrichaceae G-1 sp. HMT-904,0.003907622,0.016279559,0.001384295,0.006430949,0.861315265,0.983696391,-0.100584463
Erysipelotrichaceae G-1 sp. HMT-905,0.008224314,0.02715761,0.005077425,0.011371204,0.705381447,0.856438277,-0.1972672
Eubacterium brachy,0.49905917,0.589028724,0.271291793,0.726826547,0.042373243,0.354302708,-0.325003969
Eubacterium minutum,0.005712265,0.014457426,0.007779402,0.003645128,0.458895854,0.71421291,0.157577815
Eubacterium saphenum,0.01790968,0.048639505,0.025492822,0.010326538,0.408886257,0.665750701,0.1774233
Eubacterium sulci,0.006056797,0.022196859,0.011476609,0.000636986,0.007565433,0.192529246,0.488425389
Eubacterium yurii,0.063544215,0.203947954,0.044757296,0.082331135,0.790203354,0.925791752,-0.128120476
Fretibacterium fastidiosum,0.182985331,0.363925967,0.105838785,0.260131878,0.343459653,0.600118256,-0.200281325
Fretibacterium sp. HMT-359,0.019670102,0.05866461,0.03032885,0.009011354,0.043520648,0.354302708,0.401781378
Fretibacterium sp. HMT-360,0.467045515,1.044652273,0.347425319,0.586665711,0.607924327,0.792307849,0.008819392
Fretibacterium sp. HMT-361,0.014413486,0.091093729,0.000514324,0.028312648,0.579454317,0.791629736,0.045442927
Fretibacterium sp. HMT-362,0.046175491,0.147194495,0.009922587,0.082428396,0.022196784,0.280880546,-0.361702732
Fusobacterium canifelinum,0.003069646,0.009055169,0.00070486,0.005434432,0.198142767,0.600118256,-0.190331969
Fusobacterium nucleatum,1.778436092,3.358301837,0.754373686,2.802498499,0.005543224,0.192529246,-0.457713606
Fusobacterium nucleatum subsp. animalis,0.002325537,0.0058031,0.001043612,0.003607463,0.328986907,0.600118256,-0.245747277
Fusobacterium nucleatum subsp. nucleatum,0.281929648,0.730966175,0.261394406,0.302464891,0.555285334,0.787351719,0.089279268
Fusobacterium nucleatum subsp. vincentii,2.233084312,2.991934103,1.750059216,2.716109409,0.407384924,0.665750701,-0.183465586
Fusobacterium periodonticum,0.024851067,0.050047083,0.044382632,0.005319501,0.001016321,0.107560621,0.421527983
Fusobacterium sp. HMT-203,0.541945177,1.355174728,0.786984057,0.296906297,0.168332904,0.562586284,0.20353131
Fusobacterium sp. HMT-204,0.106216991,0.330396804,0.132753537,0.079680446,0.382935975,0.64893819,0.017467683
Gemella haemolysans,0.100948204,0.258329056,0.116367837,0.085528572,0.630052704,0.806619893,0.082720327
Gemella sanguinis,0.251591243,0.431486175,0.432820141,0.070362346,0.000909816,0.107560621,0.679416418
Granulicatella adiacens,0.838554135,1.177414433,0.968153579,0.70895469,0.061959539,0.401472521,0.456919502
Granulicatella elegans,0.052570576,0.172434675,0.09239036,0.012750792,0.3286285,0.600118256,0.032635037
Haemophilus parainfluenzae,1.237265605,2.959754947,1.858512787,0.616018424,0.008808283,0.192529246,0.521580995
Haemophilus sputorum,0.00352893,0.012835558,0.006689785,0.000368075,0.173746132,0.56290201,0.246841738
Johnsonella sp. HMT-166,0.019027658,0.098029961,0.035242852,0.002812465,0.301928049,0.600118256,0.170513034
Kingella oralis,0.175683892,0.222203709,0.199953888,0.151413896,0.280842772,0.600118256,0.242643533
Kingella sp. HMT-932,0.000845925,0.00302131,0.001351492,0.000340358,0.301928049,0.600118256,0.110391905
Lachnoanaerobaculum saburreum,0.012503823,0.034901633,0.020407945,0.0045997,0.170895935,0.56290201,0.174799617
Lachnoanaerobaculum sp. HMT-089,0.000492176,0.002061581,0.000769275,0.000215076,0.53905226,0.77618636,0.129609053
Lachnoanaerobaculum sp. HMT-496,0.003953591,0.016732676,0.006432268,0.001474914,0.53905226,0.77618636,-0.016039444
Lachnospiraceae G-3 sp. HMT-100,0.018411726,0.067159635,0.023877016,0.012946436,0.741894531,0.885532006,-0.159516031
Lachnospiraceae G-7 sp. HMT-086,0.005909063,0.011364797,0.005346229,0.006471897,0.850718256,0.976864544,-0.21467487
Lachnospiraceae G-7 sp. HMT-163,0.003925339,0.014623281,0.002845432,0.005005246,0.461946801,0.717203469,0.045152004
Lachnospiraceae G-8 sp. HMT-500,0.018874605,0.067772348,0.028227331,0.009521879,0.095655351,0.482072601,0.196677462
Lactobacillus delbrueckii,0.338632113,2.302698456,0.005400516,0.67186371,0.605877247,0.791629736,-0.018885151
Lactobacillus delbrueckii subsp. bulgaricus,0.001088253,0.006384173,9.12381e-05,0.002085267,0.53905226,0.77618636,-0.157807429
Lactobacillus delbrueckii subsp. lactis,0.006113353,0.040474907,0.000415244,0.011811461,0.605877247,0.791629736,-0.018885151
Lactobacillus gasseri,0.801402866,3.070603864,0.386711532,1.2160942,0.429265794,0.679760048,0.196311912
Lactobacillus paracasei,0.0209605,0.130010039,0.038090086,0.003830914,0.322518942,0.600118256,0.15058588
Lactobacillus paracasei subsp. paracasei,0.001030944,0.005321959,0.001651433,0.000410455,0.572000957,0.787351719,0.071918796
Lactobacillus rhamnosus,0.031723394,0.128518358,0.016809766,0.046637021,0.62625238,0.804207575,-0.128371849
Lactobacillus salivarius,0.050904686,0.329500054,0.096945829,0.004863543,0.572000957,0.787351719,0.019143852
Lactobacillus ultunensis,0.003848517,0.024325723,0.000289004,0.00740803,0.53905226,0.77618636,-0.107619493
Lactobacillus vaginalis,0.175012298,1.102314749,0.009584426,0.34044017,0.74741,0.887507422,0.105268147
Lautropia mirabilis,0.481821482,1.148523722,0.487988421,0.475654542,0.150077946,0.561061286,0.297000075
Leptotrichia buccalis,0.051739895,0.161681332,0.050874485,0.052605304,0.644825294,0.820569263,0.13804102
Leptotrichia goodfellowii,0.018268224,0.098421417,0.034984689,0.001551759,0.59959757,0.791629736,0.111370983
Leptotrichia hofstadii,0.008376535,0.028963472,0.009446522,0.007306549,0.727682909,0.875148953,0.133423667
Leptotrichia hongkongensis,0.128071987,0.456405465,0.178013983,0.07812999,0.474166448,0.73259293,0.249370127
Leptotrichia sp. HMT-212,0.550577818,1.704592922,0.596481631,0.504674005,0.013021268,0.202666974,0.427801583
Leptotrichia sp. HMT-215,0.094143315,0.269904975,0.118351224,0.069935406,0.010308653,0.192529246,0.348671071
Leptotrichia sp. HMT-219,0.040504542,0.150372216,0.058231446,0.022777637,0.811848786,0.947654373,0.038185504
Leptotrichia sp. HMT-221,0.01150644,0.028600221,0.013974857,0.009038024,0.092569838,0.477901196,0.260716031
Leptotrichia sp. HMT-223,0.085974412,0.310986735,0.047676782,0.124272043,0.697312448,0.852329638,-0.000660538
Leptotrichia sp. HMT-225,0.007338635,0.034434924,0.013741642,0.000935629,0.04567182,0.360813321,0.239768909
Leptotrichia sp. HMT-392,0.017823567,0.052302425,0.016378983,0.019268152,0.684690389,0.840964017,-0.070621068
Leptotrichia sp. HMT-417,0.198187218,1.003216477,0.060110381,0.336264055,0.59769524,0.791629736,0.018597056
Leptotrichia sp. HMT-498,0.01790959,0.064706588,0.026592283,0.009226897,0.699312979,0.852329638,0.076740196
Leptotrichia trevisanii,0.196359294,0.735736618,0.236076913,0.156641675,0.682710228,0.840964017,-0.099310567
Leptotrichia wadei,0.276098444,1.13012531,0.239485002,0.312711885,0.110146684,0.530251708,0.409390732
Mogibacterium timidum,0.596183147,1.103511862,0.447686612,0.744679681,0.063371383,0.404944918,-0.281865956
Mycoplasma faucium,0.011201391,0.033377293,0.006646545,0.015756238,0.660627721,0.827132464,0.050213208
Mycoplasma salivarium,0.084213385,0.183655823,0.027576927,0.140849844,0.060645333,0.397008109,-0.245781581
Neisseria bacilliformis,0.062575965,0.14494785,0.059300501,0.06585143,0.850718256,0.976864544,0.030516858
Neisseria cinerea,0.033179484,0.150004371,0.033991441,0.032367528,0.654727339,0.82327101,-0.26368718
Neisseria elongata,0.204222588,0.485250237,0.298970107,0.109475068,0.05897057,0.394171705,0.197925147
Neisseria elongata subsp. glycolytica,0.006471618,0.025539188,0.004823605,0.00811963,0.290062846,0.600118256,0.21819678
Neisseria oralis,1.667744057,5.21212114,2.260625189,1.074862925,0.593067314,0.791629736,0.158267536
Neisseria sicca,0.004795311,0.013422593,0.004687198,0.004903424,0.187439418,0.583451129,0.239044871
Neisseria sp. HMT-018,0.001526228,0.005388346,0.001840276,0.00121218,0.344004795,0.600118256,0.129639724
Neisseria subflava,0.005605011,0.031462736,0.010796354,0.000413668,0.091680174,0.477187792,0.362916313
Fusobacterium sp. OTU_10,3.685639079,4.01769415,2.877169508,4.49410865,0.230034676,0.600118256,-0.440946591
Granulicatella sp. OTU_1014,0.004644457,0.010357068,0.006932989,0.002355925,0.137965362,0.561061286,0.29981059
Peptostreptococcus sp. OTU_1016,0.00316562,0.01239793,0.000946017,0.005385222,0.360154597,0.61810316,-0.228404905
Prevotella sp. OTU_102,0.011444036,0.032639556,0.020522236,0.002365836,0.012488769,0.202666974,0.383373857
Fusobacterium sp. OTU_103,0.877618796,1.239887911,1.064521713,0.690715879,0.183481379,0.57687949,0.187710347
Porphyromonas sp. OTU_1037,0.003947683,0.021608758,0.000512436,0.007382929,0.373797556,0.638068408,-0.242807382
Sphaerochaeta sp. OTU_106,0.011107477,0.05903799,0.002984492,0.019230463,0.388162871,0.653802182,0.058661779
Streptococcus sp. OTU_1063,0.534009012,0.592046727,0.553948191,0.514069834,0.219746523,0.600118256,0.336988991
Streptococcus sp. OTU_1070,0.01106132,0.021890645,0.011548538,0.010574102,0.832600302,0.964783197,0.204280248
Neisseriaceae gen. sp. OTU_1079,0.000424031,0.001303313,0.000672697,0.000175365,0.179721247,0.573482372,0.295214995
Selenomonadaceae gen. sp. OTU_108,0.030297259,0.092021217,0.026199397,0.034395122,0.217722456,0.600118256,-0.160877405
Capnocytophaga sp. OTU_1095,0.00069458,0.002503556,0.000451026,0.000938134,0.344004795,0.600118256,-0.059441795
Gemella sp. OTU_1097,0.00568241,0.024786237,0.010128969,0.001235852,0.070235111,0.433002868,0.223808861
Streptococcus sp. OTU_11,0.2500777,0.5572442,0.181156001,0.318999399,0.480610421,0.739382515,-0.090219837
Bacteroidales gen. sp. OTU_111,0.00756106,0.040610572,0.011779409,0.00334271,0.572000957,0.787351719,0.066486081
Abiotrophia sp. OTU_1127,0.002035018,0.006208575,0.003265917,0.000804119,0.427142164,0.678088185,0.229513176
Haemophilus sp. OTU_113,0.022393986,0.115563006,0.041616591,0.00317138,0.838849019,0.968489321,-0.083652573
Neisseria sp. OTU_1132,0.130091398,0.342096318,0.132900474,0.127282322,0.488080958,0.742824985,0.068581023
Streptococcus sp. OTU_1133,1.565202429,2.469667498,2.160419784,0.969985074,0.064825243,0.407564647,0.368849843
Gemella sp. OTU_1135,0.000900389,0.00248573,0.000562197,0.001238581,0.62625238,0.804207575,-0.064009104
Porphyromonas sp. OTU_1136,0.004561915,0.01547046,0.001173655,0.007950175,0.589109676,0.791629736,-0.300028848
Neisseria sp. OTU_1144,0.000512476,0.002729222,0.000818118,0.000206834,0.572000957,0.787351719,0.244989567
Neisseriaceae gen. sp. OTU_1149,0.000370272,0.001472721,0.000325865,0.000414679,0.605877247,0.791629736,-0.020696056
Saccharibacteria sp. OTU_1157,0.014511344,0.097245254,0.000171031,0.028851658,0.301928049,0.600118256,-0.272073586
Lachnospiraceae gen. sp. OTU_116,0.002134625,0.007457788,0.000524226,0.003745023,0.282231305,0.600118256,-0.219764807
Dialister sp. OTU_1165,0.001824294,0.004251083,0.000338633,0.003309955,0.048342471,0.360813321,-0.290003424
Lachnoanaerobaculum sp. OTU_117,0.026461358,0.100824186,0.041524375,0.011398341,0.179344637,0.573482372,0.208632603
Lactobacillus sp. OTU_118,0.001455047,0.007466018,0.002078484,0.00083161,0.605877247,0.791629736,-0.122624134
Bacteroidales gen. sp. OTU_120,0.001083369,0.003586778,0.000163149,0.002003589,0.144764517,0.561061286,-0.202883537
Schaalia sp. OTU_122,0.019579932,0.092194145,0.030248838,0.008911026,0.333959585,0.600118256,-0.017986994
Catonella sp. OTU_126,0.003052667,0.013962754,0.000441336,0.005663999,0.572844873,0.787351719,-0.008803221
Erysipelotrichaceae gen. sp. OTU_127,0.006910927,0.028828078,0.011915892,0.001905962,0.280949564,0.600118256,0.240465473
Lachnospiraceae gen. sp. OTU_128,0.001425553,0.008344373,0.000210958,0.002640147,0.53905226,0.77618636,-0.122365433
Streptococcus sp. OTU_13,0.713170629,1.577928152,0.521961482,0.904379775,0.074704208,0.443836303,0.320130948
Propionivibrio sp. OTU_130,0.006416144,0.01583414,0.009886999,0.002945288,0.154666319,0.561061286,0.182885072
Schaalia sp. OTU_14,0.22069017,0.393911474,0.24718792,0.19419242,0.053082778,0.368944353,0.479854445
Actinomyces sp. OTU_141,0.19473449,0.317738473,0.250469827,0.138999153,0.173692104,0.56290201,0.214753123
Brachymonas sp. OTU_142,0.018382409,0.039912379,0.030673937,0.006090881,0.056260228,0.383388493,0.272977936
Centipeda sp. OTU_143,0.004049707,0.009688732,0.001436466,0.006662949,0.202584403,0.600118256,-0.273048471
Lacticaseibacillus sp. OTU_15,0.345895777,1.493740219,0.239990168,0.451801386,0.464253805,0.719027235,-0.030958761
Selenomonas sp. OTU_155,0.006201124,0.03216233,0.002771387,0.009630861,0.68304078,0.840964017,0.021496238
Arachnia sp. OTU_16,0.256707096,0.766549435,0.220217874,0.293196318,0.339071074,0.600118256,0.183398929
Selenomonadaceae gen. sp. OTU_160,0.037568614,0.155774454,0.014823143,0.060314086,0.608891701,0.792307849,-0.068239406
Bacteroidales gen. sp. OTU_167,0.005516275,0.019885368,0.003473593,0.007558958,0.699312979,0.852329638,0.013084734
Saccharibacteria sp. OTU_168,0.003257242,0.013975966,0.002877944,0.00363654,0.344004795,0.600118256,0.147755318
Schwartzia sp. OTU_172,0.008083776,0.028800282,0.000786559,0.015380992,0.009629385,0.192529246,-0.328219032
Lachnoanaerobaculum sp. OTU_175,0.002867583,0.015609157,0.005187893,0.000547273,0.322518942,0.600118256,0.177419605
Alloprevotella sp. OTU_183,0.002222441,0.010598261,0.001616463,0.00282842,0.605877247,0.791629736,0.127022046
Lachnoanaerobaculum sp. OTU_184,0.011027914,0.072087624,0.021723532,0.000332297,0.301928049,0.600118256,0.152170995
Granulicatella sp. OTU_19,0.093847521,0.150531196,0.15118354,0.036511501,0.013085584,0.202666974,0.449678769
Neisseria sp. OTU_2,1.336458126,2.181997916,1.67925996,0.993656292,0.022255779,0.280880546,0.561091506
Prevotella sp. OTU_20,0.183728534,0.616754859,0.012053403,0.355403665,0.120068522,0.55652198,-0.164280903
Filifactor sp. OTU_21,0.167601748,0.430504877,0.273074267,0.062129229,0.019448687,0.262764177,0.325810544
Eggerthia sp. OTU_22,0.037588829,0.094476352,0.060104565,0.015073093,0.165538514,0.562537401,0.175748426
Desulfovibrio sp. OTU_24,0.087303492,0.377868257,0.004308183,0.170298801,0.195979497,0.600118256,-0.091946779
Capnocytophaga sp. OTU_249,0.009300779,0.032059696,0.009210131,0.009391428,0.684204921,0.840964017,0.061740167
Actinomyces sp. OTU_26,0.177335469,0.437064718,0.29054945,0.064121488,0.015733615,0.227099741,0.425952937
Haemophilus sp. OTU_27,0.007649187,0.019246815,0.009829574,0.005468801,0.400551954,0.658991323,-0.042142328
Campylobacter sp. OTU_29,0.161853791,0.399610364,0.129417343,0.19429024,0.339213183,0.600118256,0.182830702
Lachnoanaerobaculum sp. OTU_292,0.003719852,0.016350557,0.002322354,0.005117349,0.098900014,0.494500071,0.236719409
Streptococcus sp. OTU_3,1.121744181,1.746056978,1.581473232,0.66201513,0.048908253,0.360813321,0.391271308
Peptostreptococcus sp. OTU_303,0.001047526,0.004075075,0.001314417,0.000780634,0.605877247,0.791629736,-0.173070771
Kingella sp. OTU_325,0.011260537,0.072148729,0.021308894,0.00121218,0.322518942,0.600118256,0.211839234
Veillonellaceae gen. sp. OTU_33,0.191970214,0.797253109,0.000647198,0.38329323,0.050819512,0.366708982,-0.318973425
Capnocytophaga sp. OTU_36,0.019409815,0.111572729,0.037915798,0.000903832,0.626901968,0.804207575,-0.067150152
Bacteroidaceae gen. sp. OTU_37,0.026792278,0.122764509,0.046954866,0.00662969,0.167432392,0.562537401,0.146379141
Streptococcus sp. OTU_38,0.472056958,0.792384741,0.885632376,0.05848154,3.22289e-05,0.013416213,0.63744986
Streptococcus sp. OTU_398,0.001655594,0.009604325,0.003096112,0.000215076,0.322518942,0.600118256,0.190326966
Tannerella sp. OTU_399,0.002762109,0.008367611,0.000360926,0.005163292,0.047336187,0.360813321,-0.477423992
Streptococcus sp. OTU_4,0.957204321,1.992051511,1.817331553,0.097077089,0.000135813,0.028747119,0.672620688
Phocaeicola sp. OTU_40,0.021223788,0.054741488,0.028296664,0.014150913,0.763028513,0.898929696,0.073143117
Lautropia sp. OTU_400,0.001006433,0.004531397,0.001806032,0.000206834,0.301928049,0.600118256,0.130885171
Eikenella sp. OTU_434,0.003022553,0.006657529,0.002044045,0.00400106,0.644738522,0.820569263,-0.190170851
Neisseria sp. OTU_457,0.002637791,0.007259902,0.00303415,0.002241432,0.820351346,0.95582221,0.043199299
Porphyromonas sp. OTU_46,0.035093804,0.109281833,0.035473827,0.034713782,0.726292725,0.875134498,0.031698392
Treponema sp. OTU_47,0.058411649,0.174730511,0.079507478,0.03731582,0.247857501,0.600118256,0.13681339
Mogibacterium sp. OTU_48,0.040465731,0.061589487,0.042216294,0.038715169,0.424679021,0.675867614,0.042701279
Rothia sp. OTU_5,1.24923843,3.105510168,2.333142886,0.165333974,0.009231595,0.192529246,0.477675975
Capnocytophaga sp. OTU_52,0.122058346,0.493878723,0.175071103,0.069045589,0.7297626,0.875991022,0.235812809
Cryptobacterium sp. OTU_53,0.048263131,0.185545965,0.01186629,0.084659971,0.245152863,0.600118256,-0.030666351
Neisseriaceae gen. sp. OTU_531,0.000384859,0.001176457,0.000619188,0.00015053,0.167432392,0.562537401,0.127544343
Porphyromonas sp. OTU_538,0.00205282,0.007676224,0.000579095,0.003526546,0.391102978,0.654264335,-0.21621897
Selenomonas sp. OTU_58,0.090136124,0.230004812,0.043877704,0.136394544,0.067161479,0.418113127,-0.398182923
Streptococcus sp. OTU_598,0.007219876,0.032193808,0.011999017,0.002440734,0.494875601,0.746427568,0.062771172
Rothia sp. OTU_6,0.607619852,1.881687861,0.535371555,0.679868149,0.256322456,0.600118256,0.232656942
Corynebacterium sp. OTU_60,0.030227116,0.089950367,0.033619502,0.02683473,0.227460026,0.600118256,0.348657839
Eubacterium sp. OTU_600,0.0022451,0.005503696,0.000654252,0.003835948,0.02266284,0.280880546,-0.171583765
Schwartzia sp. OTU_63,0.040161976,0.087649319,0.039804788,0.040519163,0.540634305,0.776703131,0.13154055
Rothia sp. OTU_633,0.00318895,0.00620869,0.005382368,0.000995531,0.007691626,0.192529246,0.398350623
Abiotrophia sp. OTU_650,0.004570143,0.014619807,0.006601604,0.002538682,0.310416155,0.600118256,0.338580487
Lachnoanaerobaculum sp. OTU_67,0.047123503,0.112552127,0.062364939,0.031882068,0.725389404,0.875134498,0.081255714
Parvimonas sp. OTU_69,0.000610384,0.002955919,0.000308725,0.000912042,0.572000957,0.787351719,-0.148752905
Centipeda sp. OTU_695,0.000320597,0.001015031,0.000192515,0.00044868,0.626901968,0.804207575,-0.027842746
Veillonella sp. OTU_7,2.867555137,4.122754359,3.917618351,1.817491923,0.1195118,0.55652198,0.280348468
Porphyromonas sp. OTU_70,0.023618827,0.127779366,0.000593093,0.046644562,0.301928049,0.600118256,-0.204479774
Prevotella sp. OTU_72,0.02457605,0.121926749,0.00281415,0.04633795,0.207848174,0.600118256,-0.222440477
Alloprevotella sp. OTU_722,0.001907289,0.006200603,0.000178256,0.003636323,0.173746132,0.56290201,-0.24259804
Porphyromonas sp. OTU_726,0.002105544,0.007734915,0.000345822,0.003865266,0.173746132,0.56290201,-0.241006654
Selenomonas sp. OTU_73,0.042760149,0.159285665,0.003431129,0.082089169,0.094976298,0.482072601,-0.286946668
Neisseria sp. OTU_735,0.000806426,0.002926315,0.000992351,0.000620501,0.344004795,0.600118256,0.239352294
Neisseria sp. OTU_77,0.019006341,0.040129676,0.031932023,0.00608066,0.026535379,0.30089224,0.436414279
Clostridiales XIII gen. sp. OTU_798,0.001075518,0.004806502,0.001019405,0.001131631,0.605877247,0.791629736,0.105549887
Streptococcus sp. OTU_8,1.239551124,3.197491359,1.223008358,1.256093889,0.448959137,0.702189783,0.249758792
Selenomonas sp. OTU_80,0.127463544,0.286988218,0.060418644,0.194508445,0.145969514,0.561061286,-0.27850226
Fudania sp. OTU_81,0.008382655,0.030980589,0.009060838,0.007704473,0.275021908,0.600118256,0.073911065
Leptotrichia sp. OTU_83,0.043136548,0.187645306,0.047483336,0.03878976,0.179721247,0.573482372,0.220694705
Ligilactobacillus sp. OTU_86,0.020737891,0.094566044,0.040086199,0.001389584,0.282231305,0.600118256,0.147075984
Porphyromonas sp. OTU_88,0.011392102,0.061396154,0.005409625,0.01737458,0.605877247,0.791629736,0.127022046
Lancefieldella sp. OTU_889,0.001308101,0.005032077,9.02052e-05,0.002525996,0.144764517,0.561061286,-0.318349042
Selenomonas sp. OTU_89,0.009033606,0.026001071,0.012040133,0.006027078,0.363353466,0.621912266,0.092519298
Prevotella sp. OTU_894,0.00437758,0.012013718,0.00018041,0.00857475,0.004033528,0.192529246,-0.545596939
Fusobacterium sp. OTU_895,0.007362018,0.012365151,0.005506863,0.009217173,0.504227262,0.755932436,-0.106873517
Eubacterium sp. OTU_896,0.001500622,0.004534651,0.000127005,0.002874239,0.035801554,0.349753641,-0.337727593
Lactobacillales gen. sp. OTU_897,0.002375083,0.007965045,0.003128133,0.001622034,0.484676702,0.741613748,0.149915164
Leptotrichia sp. OTU_898,0.001230696,0.004254239,0.001210648,0.001250745,0.41942732,0.674183698,0.221981607
Gemella sp. OTU_9,0.571065024,1.901835815,0.912967668,0.229162381,0.060015389,0.396976789,0.373464145
Streptococcus sp. OTU_908,0.004619985,0.017178524,0.007862075,0.001377894,0.03176679,0.325353415,0.354403008
Porphyromonas sp. OTU_909,0.003398155,0.011694563,0.000430243,0.006366067,0.110150879,0.530251708,-0.292294997
Selenomonas sp. OTU_99,0.060707469,0.240785443,0.004850434,0.116564503,0.419069484,0.674183698,-0.148444972
Olsenella profusa,0.002398911,0.010418672,0.002534558,0.002263263,0.605877247,0.791629736,0.034148493
Olsenella uli,0.046628227,0.114715114,0.03812033,0.055136125,0.025993714,0.30089224,-0.431126174
Oribacterium asaccharolyticum,0.016880161,0.042532446,0.029209335,0.004550987,0.001823457,0.144736913,0.523855936
Oribacterium sinus,0.020073132,0.052625429,0.036805417,0.003340847,0.015736045,0.227099741,0.497049746
Oribacterium sp. HMT-078,0.259709503,0.460317946,0.205111675,0.31430733,0.436630728,0.689702767,-0.124278752
Oribacterium sp. HMT-102,0.011385037,0.053936551,0.001895689,0.020874385,0.650245177,0.82252129,-0.053223039
Ottowia sp. HMT-894,0.183352336,0.62048793,0.130492156,0.236212515,0.74741,0.887507422,-0.036858595
Parvimonas micra,1.155290198,1.501023598,0.817596668,1.492983728,0.030266661,0.325353415,-0.443443335
Parvimonas sp. HMT-110,0.121799568,0.332654031,0.069672979,0.173926157,0.588711706,0.791629736,-0.176164817
Parvimonas sp. HMT-393,0.004263353,0.013494289,0.005867423,0.002659284,0.14642191,0.561061286,0.060171635
Peptidiphaga sp. HMT-183,0.134958101,0.514348364,0.196257416,0.073658786,0.165351457,0.562537401,0.339146839
Peptococcus sp. HMT-168,0.002043293,0.009140347,0.003442413,0.000644173,0.301928049,0.600118256,0.084690405
Peptoniphilaceae G-1 sp. HMT-113,0.193177137,0.866912996,0.143130148,0.243224127,0.551551039,0.787351719,0.076839255
Peptoniphilus sp. HMT-375,0.000333061,0.001339936,0.000464385,0.000201737,0.572000957,0.787351719,-0.151857313
Peptostreptococcaceae XI G-1 sp. HMT-383,0.003716991,0.010097813,0.000813815,0.006620168,0.123700848,0.561061286,-0.397805615
Peptostreptococcaceae XI G-2 sp. HMT-091,0.044000876,0.107933311,0.027565546,0.060436206,0.648838699,0.82252129,-0.097861846
Peptostreptococcaceae XI G-3 sp. HMT-495,0.000410639,0.001889331,0.000322834,0.000498445,0.605877247,0.791629736,0.008278423
Peptostreptococcaceae XI G-4 sp. HMT-369,0.1736038,0.401809048,0.10275591,0.244451691,0.310630897,0.600118256,-0.194480317
Peptostreptococcus anaerobius,0.005541432,0.022930102,0.007885665,0.003197198,0.572000957,0.787351719,-0.171001165
Porphyromonas endodontalis,1.421205589,3.457557484,0.764097982,2.078313195,0.589189115,0.791629736,-0.096717986
Porphyromonas gingivalis,6.37980143,11.76777604,3.642840251,9.116762609,0.166979315,0.562537401,-0.349991562
Porphyromonas pasteri,0.11528604,0.357856417,0.166172738,0.064399342,0.259406241,0.600118256,0.163734781
Porphyromonas sp. HMT-930,0.000537585,0.00292694,7.63545e-05,0.000998815,0.53905226,0.77618636,-0.119261025
Porphyromonas uenonis,0.012018986,0.045475869,0.000295062,0.023742911,0.072772322,0.443836303,-0.27402921
Prevotella baroniae,0.047888532,0.150267223,0.06880647,0.026970593,0.087123939,0.461030845,0.216634125
Prevotella buccae,0.074081368,0.13916372,0.063972568,0.084190167,0.110755735,0.530251708,-0.326429738
Prevotella dentalis,0.050593901,0.119752338,0.023908288,0.077279514,0.375651897,0.639514623,-0.23976141
Prevotella denticola,0.862073567,1.933107154,0.678121,1.046026135,0.83675999,0.967837147,0.017755062
Prevotella enoeca,0.004120312,0.017355677,0.001209696,0.007030928,0.59959757,0.791629736,0.01248829
Prevotella histicola,0.265762643,1.357077327,0.475009466,0.056515821,0.031632396,0.325353415,0.22424416
Prevotella intermedia,0.54443413,1.577071949,0.079110737,1.009757522,0.34259973,0.600118256,-0.030905771
Prevotella jejuni,0.061873085,0.153738852,0.047992838,0.075753333,0.145745462,0.561061286,0.307849809
Prevotella loescheii,0.05426603,0.32870498,0.096687244,0.011844817,0.68304078,0.840964017,-0.007165413
Prevotella maculosa,0.040013753,0.062116019,0.031188956,0.04883855,0.260985404,0.600118256,-0.180432025
Prevotella marshii,0.03814976,0.156872309,0.006330166,0.069969353,0.139463325,0.561061286,-0.167019642
Prevotella melaninogenica,0.375666748,0.890274389,0.460590869,0.290742627,0.011011433,0.194229447,0.40534703
Prevotella micans,0.006110532,0.016087974,0.003398355,0.008822709,0.415952213,0.674183698,-0.210558951
Prevotella multiformis,0.024262064,0.088144559,0.033203118,0.015321009,0.699312979,0.852329638,0.054814426
Prevotella nanceiensis,0.014242532,0.036259049,0.025755987,0.002729078,0.095086626,0.482072601,0.27545186
Prevotella nigrescens,2.733999589,4.593836392,1.242967998,4.225031181,0.112253713,0.531948567,-0.252239545
Prevotella oris,1.334962995,2.242535042,0.827717438,1.842208552,0.183511271,0.57687949,-0.380734804
Prevotella pallens,0.106347766,0.242987288,0.152724651,0.05997088,0.056753572,0.383388493,0.371452586
Prevotella pleuritidis,0.611903803,2.468947608,0.324648114,0.899159491,0.342043916,0.600118256,0.183183936
Prevotella saccharolytica,0.012355544,0.033511792,0.007336686,0.017374401,0.585000249,0.791629736,-0.11883211
Prevotella salivae,0.354493981,0.837570515,0.190875944,0.518112017,0.725389404,0.875134498,0.109162849
Prevotella scopos,0.000425277,0.002130158,0.000692726,0.000157828,0.572000957,0.787351719,-0.015780743
Prevotella sp. HMT-300,0.109854121,0.352499461,0.100984688,0.118723555,0.332137948,0.600118256,-0.105536902
Prevotella sp. HMT-301,0.003160178,0.012406756,0.002416839,0.003903518,0.440392808,0.693919188,0.106456711
Prevotella sp. HMT-305,0.037410768,0.143348502,0.017479399,0.057342137,0.70506773,0.856438277,-0.103295742
Prevotella sp. HMT-306,0.00882265,0.027505997,0.008716009,0.008929292,0.797338491,0.932430832,-0.020819429
Prevotella sp. HMT-309,0.000720359,0.003336093,0.000174203,0.001266514,0.301928049,0.600118256,-0.129979391
Prevotella sp. HMT-313,0.044384735,0.174251943,0.010145037,0.078624432,0.824430743,0.958815974,-0.031473156
Prevotella sp. HMT-314,0.07081336,0.248380459,0.009079541,0.132547178,0.125516655,0.561061286,-0.33760808
Prevotella sp. HMT-315,0.006562321,0.020196479,0.00699784,0.006126803,0.749670045,0.887507422,0.04367472
Prevotella sp. HMT-317,0.077242087,0.213575947,0.081478341,0.073005833,0.499128103,0.75105769,-0.086019574
Prevotella sp. HMT-376,0.067349637,0.167457409,0.018451593,0.11624768,0.615610318,0.799412172,-0.188224228
Prevotella sp. HMT-443,0.011967142,0.055509238,0.015044964,0.00888932,0.572000957,0.787351719,0.110723901
Prevotella sp. HMT-472,0.076588385,0.174994788,0.071581874,0.081594896,0.226494723,0.600118256,-0.179529967
Prevotella sp. HMT-475,0.019050466,0.05565384,0.012335963,0.025764969,0.644023334,0.820569263,-0.19490825
Prevotella sp. HMT-526,0.051701976,0.162396639,0.084476042,0.018927911,0.408886257,0.665750701,0.274245252
Prevotella veroralis,0.033746009,0.12706082,0.048298834,0.019193184,0.333959585,0.600118256,0.069294158
Pseudopropionibacterium sp. HMT-194,0.027281718,0.162444081,0.051907702,0.002655733,0.650245177,0.82252129,-0.05339986
Pseudoramibacter alactolyticus,0.310821118,0.757128686,0.03095776,0.590684476,0.006485322,0.192529246,-0.367591372
Rothia aeria,0.342077153,1.464578703,0.621180032,0.062974274,0.034943696,0.346706982,0.308124819
Rothia dentocariosa,2.07376741,4.512485931,3.641930428,0.505604393,4.22558e-05,0.013416213,0.622123317
Rothia mucilaginosa,0.971852481,1.719082872,1.609128199,0.334576762,0.00134265,0.121797566,0.519270441
Ruminococcaceae G-2 sp. HMT-085,0.0054554,0.017181429,0.008693896,0.002216905,0.163258663,0.562537401,0.13601695
Saccharibacteria G-1 sp. HMT-346,0.15901645,0.270946127,0.174203416,0.143829484,0.506435097,0.756673616,0.066846629
Saccharibacteria G-1 sp. HMT-348,0.004029579,0.022405071,0.00164731,0.006411847,0.344004795,0.600118256,0.310682447
Saccharibacteria G-1 sp. HMT-349,0.687328899,2.499222545,0.106311687,1.268346111,0.086824764,0.461030845,-0.281223781
Saccharibacteria G-1 sp. HMT-352,0.036556346,0.072002668,0.047836714,0.025275978,0.052244963,0.368944353,0.372285393
Saccharibacteria G-1 sp. HMT-488,0.149964852,0.350787394,0.161522565,0.13840714,0.043040454,0.354302708,0.202741921
Saccharibacteria G-1 sp. HMT-952,0.040453734,0.076529694,0.036729755,0.044177713,0.748858202,0.887507422,-0.0921995
Saccharibacteria G-2 sp. HMT-350,0.001462661,0.005501392,0.001351059,0.001574263,0.344004795,0.600118256,0.032041958
Saccharibacteria G-3 sp. HMT-351,0.009664344,0.027261008,0.012205215,0.007123473,0.247857501,0.600118256,0.140260763
Saccharibacteria G-5 sp. HMT-356,0.220729784,0.597098749,0.252396928,0.189062641,0.081923866,0.444629527,0.281936495
Saccharibacteria G-6 sp. HMT-870,0.009916753,0.038606956,0.00648884,0.013344665,0.504748588,0.755932436,0.044732076
Saccharibacteria G-8 sp. HMT-955,0.010529433,0.049896436,0.00791387,0.013144996,0.399060512,0.658991323,0.227554762
Scardovia wiggsiae,0.681833204,2.464705584,0.366544361,0.997122047,0.342834976,0.600118256,0.285525058
Selenomonas artemidis,0.137360629,0.329685397,0.143517822,0.131203436,0.786310493,0.922933758,-0.085521165
Selenomonas infelix,0.109699005,0.256976692,0.072383617,0.147014394,0.48088973,0.739382515,0.066510119
Selenomonas noxia,0.112474166,0.402792039,0.127892096,0.097056237,0.137965362,0.561061286,0.320382092
Selenomonas sp. HMT-126,0.013664571,0.072220591,0.003507518,0.023821625,0.740990061,0.885532006,-0.021086785
Selenomonas sp. HMT-134,0.045366179,0.108063159,0.053921616,0.036810742,0.49014751,0.742824985,0.142147791
Selenomonas sp. HMT-136,0.061836397,0.30086839,0.006958859,0.116713935,0.290585133,0.600118256,-0.165274903
Selenomonas sp. HMT-138,0.042458524,0.215411106,0.01052628,0.074390768,0.620974155,0.804207575,-0.191746714
Selenomonas sp. HMT-149,0.037648312,0.137740462,0.014093687,0.061202936,0.084388692,0.454125587,0.007629028
Selenomonas sp. HMT-388,0.005703156,0.030484856,0.002742003,0.00866431,0.605877247,0.791629736,0.012417634
Selenomonas sp. HMT-478,0.004136396,0.025941774,0.000210345,0.008062446,0.572844873,0.787351719,-0.058961109
Selenomonas sp. HMT-892,0.037736263,0.174533688,0.011598649,0.063873878,0.855557727,0.978881364,0.039070111
Selenomonas sp. HMT-919,0.011879226,0.037766091,0.008776223,0.014982229,0.391528263,0.654264335,-0.150237946
Selenomonas sp. HMT-920,0.026924114,0.155366048,0.006068544,0.047779683,0.750537773,0.887507422,0.058024151
Selenomonas sp. HMT-937,0.003781655,0.01327122,0.000462782,0.007100528,0.07868443,0.443836303,-0.104378586
Selenomonas sputigena,0.434528292,0.995314378,0.207909648,0.661146937,0.683026399,0.840964017,-0.11002192
Shuttleworthia satelles,0.036974578,0.126952469,0.019516428,0.054432727,0.768047822,0.903167346,-0.100795
Slackia exigua,0.019597938,0.029104945,0.019319756,0.01987612,0.445682001,0.700515026,-0.267050225
Solobacterium moorei,0.202033308,0.347785968,0.178398738,0.225667879,0.718069595,0.870179757,-0.151406561
Stomatobaculum longum,0.108676147,0.564320476,0.025287233,0.192065061,0.526013397,0.77618636,0.061846314
Stomatobaculum sp. HMT-097,0.0387221,0.096162923,0.069642844,0.007801355,0.007368056,0.192529246,0.394017089
Stomatobaculum sp. HMT-373,0.005362137,0.019603889,0.007297229,0.003427045,0.41942732,0.674183698,0.063004992
Streptococcus australis,0.015795252,0.042030488,0.025826746,0.005763759,0.026260383,0.30089224,0.339473452
Streptococcus cristatus,0.120139571,0.342292663,0.130028507,0.110250635,0.447876403,0.702189783,0.212566748
Streptococcus gordonii,1.327958929,3.100628616,2.086425965,0.569491893,0.026304733,0.30089224,0.493527564
Streptococcus intermedius,1.146996547,2.225267306,1.28119756,1.012795533,0.04762171,0.360813321,0.261808479
Streptococcus mitis oralis group,5.3927709,6.293948549,7.61414398,3.171397819,0.00419749,0.192529246,0.490664351
Streptococcus mutans,0.540142897,2.008603554,1.042278064,0.038007731,0.150054517,0.561061286,0.330380413
Streptococcus parasanguinis,0.895792199,1.8348268,1.537443639,0.254140759,0.003733807,0.192529246,0.559693839
Streptococcus rubneri,0.040566288,0.12379217,0.069454991,0.011677584,0.047888718,0.360813321,0.198540322
Streptococcus salivarius,0.17458322,0.668533473,0.325441213,0.023725228,0.013995666,0.211601141,0.412146213
Streptococcus salivarius subsp. salivarius,0.911375533,2.858116986,1.713684135,0.10906693,0.008687822,0.192529246,0.475382606
Streptococcus salivarius subsp. thermophilus,0.008117937,0.029337305,0.003014108,0.013221765,0.652559841,0.82327101,0.151078973
Streptococcus sanguinis,3.25421731,5.908647019,4.694839331,1.81359529,0.010138861,0.192529246,0.5146777
Streptococcus sp. HMT-064,0.194567618,0.466911103,0.274408217,0.114727019,0.383231214,0.64893819,0.205245303
Streptococcus sp. HMT-066,0.128840694,0.280667886,0.236971921,0.020709467,0.00650944,0.192529246,0.548250472
Streptococcus vestibularis,0.055435721,0.31258181,0.106348096,0.004523347,0.181770275,0.57687949,0.268421923
Tannerella forsythia,0.877114789,1.24853821,0.476768609,1.27746097,0.109497189,0.530251708,-0.30734978
Tannerella sp. HMT-286,0.120064494,0.327668996,0.124657043,0.115471944,0.624901275,0.804207575,0.078654895
Tannerella sp. HMT-808,0.043083437,0.134481533,0.018235145,0.067931728,0.111060594,0.530251708,-0.227357201
Tannerella sp. HMT-916,0.00527527,0.022355245,0.00574233,0.00480821,0.192668169,0.5968014,-0.271057319
Treponema lecithinolyticum,0.049100223,0.194963673,0.088306952,0.009893494,0.091680174,0.477187792,0.27412367
Treponema maltophilum,0.103422573,0.199907832,0.117515654,0.089329492,0.32667304,0.600118256,0.022685502
Treponema medium,0.02523973,0.130243798,0.047312752,0.003166708,0.251744487,0.600118256,0.131912822
Treponema socranskii,0.326564003,0.491539296,0.162393395,0.49073461,0.199078364,0.600118256,-0.320097015
Treponema socranskii subsp. paredis,0.004265688,0.018957557,0.006196998,0.002334377,0.68304078,0.840964017,-0.099701597
Treponema socranskii subsp. socranskii,0.062175802,0.139772646,0.036330012,0.088021591,0.511209999,0.762014904,-0.295851953
Treponema sp. HMT-231,0.123022557,0.329437399,0.017604751,0.228440364,0.420074608,0.674183698,-0.129716019
Treponema sp. HMT-234,0.000863571,0.003619782,0.001323081,0.00040406,0.53905226,0.77618636,0.068555687
Treponema sp. HMT-237,0.269928648,1.063030427,0.098653422,0.441203874,0.349539271,0.606568013,0.086864489
Treponema sp. HMT-951,0.009544952,0.042937062,0.008584345,0.01050556,0.344004795,0.600118256,0.2267846
Veillonella atypica,0.318319824,0.833459387,0.317630225,0.319009422,0.012273536,0.202666974,0.330188976
Veillonella dispar,0.762377351,1.203320169,0.944347182,0.580407521,0.003517504,0.192529246,0.449915864
Veillonella parvula,0.215775721,0.360835133,0.278642665,0.152908777,0.521628783,0.773911862,0.096289968
Veillonella rogosae,0.049769473,0.086130022,0.078169898,0.021369048,0.027583231,0.307286872,0.432165221
Veillonella sp. HMT-917,0.017822339,0.067419799,0.00867884,0.026965838,0.660627721,0.827132464,-0.049734987
Veillonellaceae G-1 sp. HMT-132,0.171691666,0.359111555,0.03012831,0.313255023,0.000666974,0.105882096,-0.559810931
Veillonellaceae G-1 sp. HMT-135,0.008040284,0.047694404,0.015172061,0.000908507,0.360154597,0.61810316,0.15359238
Veillonellaceae G-1 sp. HMT-145,0.009441409,0.029001559,0.002769218,0.0161136,0.049434266,0.360813321,-0.36619573
Veillonellaceae G-1 sp. HMT-148,0.000854794,0.004220203,0.001551759,0.000157828,0.301928049,0.600118256,0.062498801
Veillonellaceae G-1 sp. HMT-150,0.090458362,0.257583713,0.035700468,0.145216256,0.017307244,0.244224442,-0.239040213
