condition,t_day,species,phi
DH,1.0,S. oralis,0.0305
DH,1.0,A. naeslundii,0.01
DH,1.0,V. parvula,0.9490000000000001
DH,1.0,F. nucleatum,0.005
DH,1.0,P. gingivalis_W83,0.0055000000000000005
DH,1.05,S. oralis,0.03111549654057835
DH,1.05,A. naeslundii,0.010403835657488633
DH,1.05,V. parvula,0.9476794830946785
DH,1.05,F. nucleatum,0.005181765211486046
DH,1.05,P. gingivalis_W83,0.005619419495768301
DH,1.1,S. oralis,0.03174134592733499
DH,1.1,A. naeslundii,0.010822735292396867
DH,1.1,V. parvula,0.9463251907887207
DH,1.1,F. nucleatum,0.005369671644162455
DH,1.1,P. gingivalis_W83,0.005741056347384906
DH,1.15,S. oralis,0.032377610397434496
DH,1.15,A. naeslundii,0.011257173497577747
DH,1.15,V. parvula,0.9449363886665356
DH,1.15,F. nucleatum,0.005563895216343725
DH,1.15,P. gingivalis_W83,0.005864932222108323
DH,1.2,S. oralis,0.033024346179369085
DH,1.2,A. naeslundii,0.011707633463143345
DH,1.2,V. parvula,0.9435123377160858
DH,1.2,F. nucleatum,0.0057646146810991575
DH,1.2,P. gingivalis_W83,0.005991067960302698
DH,1.25,S. oralis,0.03368160297402379
DH,1.25,A. naeslundii,0.01217460692901021
DH,1.25,V. parvula,0.9420522949997127
DH,1.25,F. nucleatum,0.005972011603438689
DH,1.25,P. gingivalis_W83,0.006119483493814566
DH,1.3,S. oralis,0.034349423333189466
DH,1.3,A. naeslundii,0.012658594054831463
DH,1.3,V. parvula,0.9405555145543365
DH,1.3,F. nucleatum,0.006186270309897757
DH,1.3,P. gingivalis_W83,0.00625019774774493
DH,1.35,S. oralis,0.03502784263024661
DH,1.35,A. naeslundii,0.013160102626457405
DH,1.35,V. parvula,0.939021248494994
DH,1.35,F. nucleatum,0.006407577621911785
DH,1.35,P. gingivalis_W83,0.006383228626390132
DH,1.4,S. oralis,0.035716888588163034
DH,1.4,A. naeslundii,0.013679647786825016
DH,1.4,V. parvula,0.9374487479257938
DH,1.4,F. nucleatum,0.0066361227620639895
DH,1.4,P. gingivalis_W83,0.0065185929371540646
DH,1.45,S. oralis,0.03641658042745587
DH,1.45,A. naeslundii,0.014217751883131418
DH,1.45,V. parvula,0.9358372641338679
DH,1.45,F. nucleatum,0.006872097297987439
DH,1.45,P. gingivalis_W83,0.006656306257557344
DH,1.5,S. oralis,0.03712692892749105
DH,1.5,A. naeslundii,0.014774943544250442
DH,1.5,V. parvula,0.9341860497563161
DH,1.5,F. nucleatum,0.0071156948371182745
DH,1.5,P. gingivalis_W83,0.00679638293482403
DH,1.55,S. oralis,0.03784793602906815
DH,1.55,A. naeslundii,0.015351757197726183
DH,1.55,V. parvula,0.9324943598875938
DH,1.55,F. nucleatum,0.00736711086567525
DH,1.55,P. gingivalis_W83,0.006938836019936625
DH,1.6,S. oralis,0.038579593806357095
DH,1.6,A. naeslundii,0.01594873274875801
DH,1.6,V. parvula,0.9307614536974674
DH,1.6,F. nucleatum,0.0076265426403270675
DH,1.6,P. gingivalis_W83,0.007083677107090379
DH,1.65,S. oralis,0.03932188455041612
DH,1.65,A. naeslundii,0.01656641460657786
DH,1.65,V. parvula,0.9289865956353108
DH,1.65,F. nucleatum,0.007894188870315238
DH,1.65,P. gingivalis_W83,0.007230916337379923
DH,1.7000000000000002,S. oralis,0.04007478047801836
DH,1.7000000000000002,A. naeslundii,0.017205351004172777
DH,1.7000000000000002,V. parvula,0.927169056673916
DH,1.7000000000000002,F. nucleatum,0.008170249495633474
DH,1.7000000000000002,P. gingivalis_W83,0.007380562348259391
DH,1.75,S. oralis,0.04083824260179658
DH,1.75,A. naeslundii,0.017866093407929322
DH,1.75,V. parvula,0.9253081163990298
DH,1.75,F. nucleatum,0.008454925494999876
DH,1.75,P. gingivalis_W83,0.007532622096244449
DH,1.8,S. oralis,0.04161222077214925
DH,1.8,A. naeslundii,0.018549195510718028
DH,1.8,V. parvula,0.9234030643004661
DH,1.8,F. nucleatum,0.008748418561441845
DH,1.8,P. gingivalis_W83,0.007687100855224685
DH,1.85,S. oralis,0.04239665350770138
DH,1.85,A. naeslundii,0.019255212390971704
DH,1.85,V. parvula,0.9214532010846894
DH,1.85,F. nucleatum,0.009050930832413201
DH,1.85,P. gingivalis_W83,0.00784400218422428
DH,1.9,S. oralis,0.043191466850041126
DH,1.9,A. naeslundii,0.019984699603409685
DH,1.9,V. parvula,0.9194578412004856
DH,1.9,F. nucleatum,0.009362664599552024
DH,1.9,P. gingivalis_W83,0.008003327746511631
DH,1.9500000000000002,S. oralis,0.043996574323600046
DH,1.9500000000000002,A. naeslundii,0.020738212109429305
DH,1.9500000000000002,V. parvula,0.9174163143020939
DH,1.9500000000000002,F. nucleatum,0.009683821968624674
DH,1.9500000000000002,P. gingivalis_W83,0.008165077296251927
DH,2.0,S. oralis,0.044811876867787724
DH,2.0,A. naeslundii,0.021516303313425248
DH,2.0,V. parvula,0.9153279666023265
DH,2.0,F. nucleatum,0.010014604554446836
DH,2.0,P. gingivalis_W83,0.008329248662013723
DH,2.05,S. oralis,0.045637261809223506
DH,2.05,A. naeslundii,0.02231952385215049
DH,2.05,V. parvula,0.9131921636563676
DH,2.05,F. nucleatum,0.010355213099265332
DH,2.05,P. gingivalis_W83,0.008495837582992907
DH,2.1,S. oralis,0.04647260265434224
DH,2.1,A. naeslundii,0.02314842038605678
DH,2.1,V. parvula,0.9110082921957376
DH,2.1,F. nucleatum,0.010705847093229462
DH,2.1,P. gingivalis_W83,0.008664837670633916
DH,2.1500000000000004,S. oralis,0.047317759123531346
DH,2.1500000000000004,A. naeslundii,0.024003534535571625
DH,2.1500000000000004,V. parvula,0.908775761490749
DH,2.1500000000000004,F. nucleatum,0.011066704441900298
DH,2.1500000000000004,P. gingivalis_W83,0.008836240408247698
DH,2.2,S. oralis,0.04817257648047855
DH,2.2,A. naeslundii,0.024885401536663698
DH,2.2,V. parvula,0.9064940058939682
DH,2.2,F. nucleatum,0.01143798104682682
DH,2.2,P. gingivalis_W83,0.009010035042062674
DH,2.25,S. oralis,0.04903688482341686
DH,2.25,A. naeslundii,0.025794548610174252
DH,2.25,V. parvula,0.9041624878025057
DH,2.25,F. nucleatum,0.011819870298374176
DH,2.25,P. gingivalis_W83,0.009186208465528995
DH,2.3,S. oralis,0.04991049954191847
DH,2.3,A. naeslundii,0.02673149401295088
DH,2.3,V. parvula,0.9017806983766056
DH,2.3,F. nucleatum,0.012212562783383367
DH,2.3,P. gingivalis_W83,0.009364745285141647
DH,2.35,S. oralis,0.0507932208434909
DH,2.35,A. naeslundii,0.027696745600883588
DH,2.35,V. parvula,0.8993481599722519
DH,2.35,F. nucleatum,0.012616245841101863
DH,2.35,P. gingivalis_W83,0.009545627742271714
DH,2.4000000000000004,S. oralis,0.051684832755111654
DH,2.4000000000000004,A. naeslundii,0.028690798680650387
DH,2.4000000000000004,V. parvula,0.8968644301122225
DH,2.4000000000000004,F. nucleatum,0.01303110289975957
DH,2.4000000000000004,P. gingivalis_W83,0.009728835552255694
DH,2.45,S. oralis,0.05258510383197967
DH,2.45,A. naeslundii,0.02971413522091238
DH,2.45,V. parvula,0.8943291016987187
DH,2.45,F. nucleatum,0.0134573132378672
DH,2.45,P. gingivalis_W83,0.00991434601052202
DH,2.5,S. oralis,0.05349378694549489
DH,2.5,A. naeslundii,0.030767222428983866
DH,2.5,V. parvula,0.8917418051214566
DH,2.5,F. nucleatum,0.013895051548555424
DH,2.5,P. gingivalis_W83,0.010102133955509183
DH,2.55,S. oralis,0.0544106181722382
DH,2.55,A. naeslundii,0.031850510096236725
DH,2.55,V. parvula,0.8891022130170801
DH,2.55,F. nucleatum,0.014344487124517087
DH,2.55,P. gingivalis_W83,0.010292171589927884
DH,2.6,S. oralis,0.055335317603559996
DH,2.6,A. naeslundii,0.03296442991776978
DH,2.6,V. parvula,0.8864100402188638
DH,2.6,F. nucleatum,0.014805783656062672
DH,2.6,P. gingivalis_W83,0.010484428603743707
DH,2.6500000000000004,S. oralis,0.05626758942879141
DH,2.6500000000000004,A. naeslundii,0.034109394204318036
DH,2.6500000000000004,V. parvula,0.8836650453420068
DH,2.6500000000000004,F. nucleatum,0.015279098841095509
DH,2.6500000000000004,P. gingivalis_W83,0.010678872183788119
DH,2.7,S. oralis,0.057207120862249036
DH,2.7,A. naeslundii,0.035285792803712177
DH,2.7,V. parvula,0.8808670360487355
DH,2.7,F. nucleatum,0.015764583444559426
DH,2.7,P. gingivalis_W83,0.010875466840743838
DH,2.75,S. oralis,0.05815358312726647
DH,2.75,A. naeslundii,0.03649399271416605
DH,2.75,V. parvula,0.8780158684086405
DH,2.75,F. nucleatum,0.016262381189281007
DH,2.75,P. gingivalis_W83,0.011074174560645925
DH,2.8,S. oralis,0.05910663120990483
DH,2.8,A. naeslundii,0.037734336013186924
DH,2.8,V. parvula,0.8751114498859264
DH,2.8,F. nucleatum,0.016772628128453464
DH,2.8,P. gingivalis_W83,0.011274954762528403
DH,2.85,S. oralis,0.06006590409275859
DH,2.85,A. naeslundii,0.03900713842222693
DH,2.85,V. parvula,0.872153740938422
DH,2.85,F. nucleatum,0.01729545221460865
DH,2.85,P. gingivalis_W83,0.011477764331983803
DH,2.9000000000000004,S. oralis,0.06103102467244895
DH,2.9000000000000004,A. naeslundii,0.04031268718917931
DH,2.9000000000000004,V. parvula,0.8691427578734104
DH,2.9000000000000004,F. nucleatum,0.01783097266040916
DH,2.9000000000000004,P. gingivalis_W83,0.011682557604552127
DH,2.95,S. oralis,0.06200160020331048
DH,2.95,A. naeslundii,0.04165123983430119
DH,2.95,V. parvula,0.8660785739648692
DH,2.95,F. nucleatum,0.018379299564918045
DH,2.95,P. gingivalis_W83,0.011889286432601122
DH,3.0,S. oralis,0.06297722256757775
DH,3.0,A. naeslundii,0.04302302254359043
DH,3.0,V. parvula,0.8629613212317571
DH,3.0,F. nucleatum,0.018940533432303855
DH,3.0,P. gingivalis_W83,0.012097900224770914
DH,3.0500000000000003,S. oralis,0.06395746868546617
DH,3.0500000000000003,A. naeslundii,0.04442822879927357
DH,3.0500000000000003,V. parvula,0.859791191744193
DH,3.0500000000000003,F. nucleatum,0.019514764763361774
DH,3.0500000000000003,P. gingivalis_W83,0.012308346007705428
DH,3.1,S. oralis,0.06494190088365627
DH,3.1,A. naeslundii,0.045867017874913096
DH,3.1,V. parvula,0.8565684391545078
DH,3.1,F. nucleatum,0.020102073605737292
DH,3.1,P. gingivalis_W83,0.012520568481185435
DH,3.15,S. oralis,0.06593006714969711
DH,3.15,A. naeslundii,0.047339512808646095
DH,3.15,V. parvula,0.8532933810413704
DH,3.15,F. nucleatum,0.020702528945528355
DH,3.15,P. gingivalis_W83,0.012734510054757986
DH,3.2,S. oralis,0.06692150192824463
DH,3.2,A. naeslundii,0.0488457997634186
DH,3.2,V. parvula,0.8499663988158188
DH,3.2,F. nucleatum,0.021316188521531262
DH,3.2,P. gingivalis_W83,0.01295011097098668
DH,3.25,S. oralis,0.06791572661712349
DH,3.25,A. naeslundii,0.050385926531292875
DH,3.25,V. parvula,0.8465879390926682
DH,3.25,F. nucleatum,0.021943098378309548
DH,3.25,P. gingivalis_W83,0.01316730938060596
DH,3.3000000000000003,S. oralis,0.06891225026348184
DH,3.3000000000000003,A. naeslundii,0.05195990159164798
DH,3.3000000000000003,V. parvula,0.8431585141079005
DH,3.3000000000000003,F. nucleatum,0.022583292587278016
DH,3.3000000000000003,P. gingivalis_W83,0.013386041449691626
DH,3.35,S. oralis,0.06991057014716288
DH,3.35,A. naeslundii,0.05356769267185047
DH,3.35,V. parvula,0.8396787029167379
DH,3.35,F. nucleatum,0.023236792815803316
DH,3.35,P. gingivalis_W83,0.013606241448445487
DH,3.4000000000000004,S. oralis,0.07091017250515731
DH,3.4000000000000004,A. naeslundii,0.05520922554843936
DH,3.4000000000000004,V. parvula,0.8361491521154757
DH,3.4000000000000004,F. nucleatum,0.023903607968679384
DH,3.4000000000000004,P. gingivalis_W83,0.01382784186224826
DH,3.45,S. oralis,0.07191053346638028
DH,3.45,A. naeslundii,0.05688438370767597
DH,3.45,V. parvula,0.8325705751996431
DH,3.45,F. nucleatum,0.024583734089624713
DH,3.45,P. gingivalis_W83,0.014050773536675944
DH,3.5,S. oralis,0.07291111987604852
DH,3.5,A. naeslundii,0.058593007516218626
DH,3.5,V. parvula,0.8289437526907731
DH,3.5,F. nucleatum,0.025277154112559975
DH,3.5,P. gingivalis_W83,0.014274965804399646
DH,3.5500000000000003,S. oralis,0.07391139019880161
DH,3.5500000000000003,A. naeslundii,0.06033489374927709
DH,3.5500000000000003,V. parvula,0.8252695317072833
DH,3.5500000000000003,F. nucleatum,0.025983837719902324
DH,3.5500000000000003,P. gingivalis_W83,0.014500346624735583
DH,3.6,S. oralis,0.0749107953462786
DH,3.6,A. naeslundii,0.06210979427542293
DH,3.6,V. parvula,0.8215488267256105
DH,3.6,F. nucleatum,0.02670374094285069
DH,3.6,P. gingivalis_W83,0.014726842709837295
DH,3.6500000000000004,S. oralis,0.07590877979886886
DH,3.6500000000000004,A. naeslundii,0.06391741649435488
DH,3.6500000000000004,V. parvula,0.8177826177155396
DH,3.6500000000000004,F. nucleatum,0.027436806292014684
DH,3.6500000000000004,P. gingivalis_W83,0.014954379699221821
DH,3.7,S. oralis,0.07690478259606687
DH,3.7,A. naeslundii,0.0657574228846502
DH,3.7,V. parvula,0.8139719495915061
DH,3.7,F. nucleatum,0.028182962615676037
DH,3.7,P. gingivalis_W83,0.015182882312100706
DH,3.75,S. oralis,0.07789823841384129
DH,3.75,A. naeslundii,0.06762943123150274
DH,3.75,V. parvula,0.8101179306782973
DH,3.75,F. nucleatum,0.02894212516230469
DH,3.75,P. gingivalis_W83,0.015412274514053937
DH,3.8000000000000003,S. oralis,0.07888857861817816
DH,3.8000000000000003,A. naeslundii,0.06953301457721793
DH,3.8000000000000003,V. parvula,0.8062217315690887
DH,3.8000000000000003,F. nucleatum,0.029714195556318376
DH,3.8000000000000003,P. gingivalis_W83,0.01564247967919676
DH,3.85,S. oralis,0.07987523238327646
DH,3.85,A. naeslundii,0.0714677008403946
DH,3.85,V. parvula,0.8022845843458494
DH,3.85,F. nucleatum,0.030499061669199887
DH,3.85,P. gingivalis_W83,0.015873420761279716
DH,3.9000000000000004,S. oralis,0.08085762785967625
DH,3.9000000000000004,A. naeslundii,0.07343297406902337
DH,3.9000000000000004,V. parvula,0.798307779610555
DH,3.9000000000000004,F. nucleatum,0.03129659798566956
DH,3.9000000000000004,P. gingivalis_W83,0.016105020475075827
DH,3.95,S. oralis,0.08183519331406461
DH,3.95,A. naeslundii,0.07542827476307483
DH,3.95,V. parvula,0.7942926647682531
DH,3.95,F. nucleatum,0.03210666568337919
DH,3.95,P. gingivalis_W83,0.016337201471228212
DH,4.0,S. oralis,0.08280735826024038
DH,4.0,A. naeslundii,0.07745300080739043
DH,4.0,V. parvula,0.7902406415260118
DH,4.0,F. nucleatum,0.03292911289590267
DH,4.0,P. gingivalis_W83,0.016569886510454664
DH,4.050000000000001,S. oralis,0.08377355464217189
DH,4.050000000000001,A. naeslundii,0.07950650791803446
DH,4.050000000000001,V. parvula,0.7861531639726305
DH,4.050000000000001,F. nucleatum,0.03376377482287103
DH,4.050000000000001,P. gingivalis_W83,0.01680299864429202
DH,4.1,S. oralis,0.0847332180383143
DH,4.1,A. naeslundii,0.0815881106487307
DH,4.1,V. parvula,0.78203173590669
DH,4.1,F. nucleatum,0.034610474006699574
DH,4.1,P. gingivalis_W83,0.017036461399565408
DH,4.15,S. oralis,0.08568578877197615
DH,4.15,A. naeslundii,0.08369708399648126
DH,4.15,V. parvula,0.777877907491356
DH,4.15,F. nucleatum,0.03546902079101841
DH,4.15,P. gingivalis_W83,0.01727019894916812
DH,4.2,S. oralis,0.08663071304735324
DH,4.2,A. naeslundii,0.0858326646735357
DH,4.2,V. parvula,0.773693272320473
DH,4.2,F. nucleatum,0.0363392136730713
DH,4.2,P. gingivalis_W83,0.017504136285566633
DH,4.25,S. oralis,0.08756744402827077
DH,4.25,A. naeslundii,0.08799405262724637
DH,4.25,V. parvula,0.7694794642291773
DH,4.25,F. nucleatum,0.03722083972973279
DH,4.25,P. gingivalis_W83,0.01773819938557264
DH,4.300000000000001,S. oralis,0.08849544312898051
DH,4.300000000000001,A. naeslundii,0.09018041197939827
DH,4.300000000000001,V. parvula,0.7652381546305476
DH,4.300000000000001,F. nucleatum,0.038113674855690075
DH,4.300000000000001,P. gingivalis_W83,0.017972315405383497
DH,4.35,S. oralis,0.08941418090830407
DH,4.35,A. naeslundii,0.09239087350295473
DH,4.35,V. parvula,0.7609710482920549
DH,4.35,F. nucleatum,0.03901748447866945
DH,4.35,P. gingivalis_W83,0.018206412818016764
DH,4.4,S. oralis,0.09032313825730354
DH,4.4,A. naeslundii,0.09462453603926452
DH,4.4,V. parvula,0.7566798801733372
DH,4.4,F. nucleatum,0.03993202393771305
DH,4.4,P. gingivalis_W83,0.01844042159238167
DH,4.45,S. oralis,0.09122180693791812
DH,4.45,A. naeslundii,0.09688046939333574
DH,4.45,V. parvula,0.7523664110582932
DH,4.45,F. nucleatum,0.0408570393333234
DH,4.45,P. gingivalis_W83,0.018674273277129613
DH,4.5,S. oralis,0.09210969151161978
DH,4.5,A. naeslundii,0.09915771433932151
DH,4.5,V. parvula,0.7480324254240649
DH,4.5,F. nucleatum,0.041792267438155783
DH,4.5,P. gingivalis_W83,0.01890790128683796
DH,4.550000000000001,S. oralis,0.09298630934102689
DH,4.550000000000001,A. naeslundii,0.10145528679411381
DH,4.550000000000001,V. parvula,0.7436797260111883
DH,4.550000000000001,F. nucleatum,0.04273743694730368
DH,4.550000000000001,P. gingivalis_W83,0.01914124090636726
DH,4.6,S. oralis,0.09385119147517261
DH,4.6,A. naeslundii,0.10377217952459564
DH,4.6,V. parvula,0.7393101306336639
DH,4.6,F. nucleatum,0.043692268943491784
DH,4.6,P. gingivalis_W83,0.01937422942307598
DH,4.65,S. oralis,0.09470388442346962
DH,4.65,A. naeslundii,0.10610736325635002
DH,4.65,V. parvula,0.7349254687984469
DH,4.65,F. nucleatum,0.04465647713263181
DH,4.65,P. gingivalis_W83,0.019606806389101804
DH,4.7,S. oralis,0.09554394991542273
DH,4.7,A. naeslundii,0.10845979041037385
DH,4.7,V. parvula,0.7305275771229056
DH,4.7,F. nucleatum,0.045629768963556736
DH,4.7,P. gingivalis_W83,0.01983891358774098
DH,4.75,S. oralis,0.09637096552422048
DH,4.75,A. naeslundii,0.1108283971563757
DH,4.75,V. parvula,0.7261182959945144
DH,4.75,F. nucleatum,0.04661184619921855
DH,4.75,P. gingivalis_W83,0.020070495125671037
DH,4.800000000000001,S. oralis,0.097184526482959
DH,4.800000000000001,A. naeslundii,0.11321210496711342
DH,4.800000000000001,V. parvula,0.721699465581826
DH,4.800000000000001,F. nucleatum,0.04760240526852114
DH,4.800000000000001,P. gingivalis_W83,0.02030149769958065
DH,4.85,S. oralis,0.09798424495138063
DH,4.85,A. naeslundii,0.11560982406946214
DH,4.85,V. parvula,0.7172729221733264
DH,4.85,F. nucleatum,0.048601138317578445
DH,4.85,P. gingivalis_W83,0.020531870488252283
DH,4.9,S. oralis,0.09876975099977345
DH,4.9,A. naeslundii,0.11802045532251304
DH,4.9,V. parvula,0.7128404946832975
DH,4.9,F. nucleatum,0.04960773369846208
DH,4.9,P. gingivalis_W83,0.0207615652959541
DH,4.95,S. oralis,0.09954069384552061
DH,4.95,A. naeslundii,0.12044289261316371
DH,4.95,V. parvula,0.7084040002226499
DH,4.95,F. nucleatum,0.050621876586672276
DH,4.95,P. gingivalis_W83,0.020990536731993557
DH,5.0,S. oralis,0.10029673972570624
DH,5.0,A. naeslundii,0.1228760255343019
DH,5.0,V. parvula,0.7039652429588514
DH,5.0,F. nucleatum,0.05164324988354616
DH,5.0,P. gingivalis_W83,0.021218741897594408
DH,5.05,S. oralis,0.10103757650681569
DH,5.05,A. naeslundii,0.12531874146951544
DH,5.05,V. parvula,0.6995260064360139
DH,5.05,F. nucleatum,0.052671534530152775
DH,5.05,P. gingivalis_W83,0.02144614105750212
DH,5.1000000000000005,S. oralis,0.1017629084713702
DH,5.1000000000000005,A. naeslundii,0.12776992786640867
DH,5.1000000000000005,V. parvula,0.6950880563102617
DH,5.1000000000000005,F. nucleatum,0.05370641047660823
DH,5.1000000000000005,P. gingivalis_W83,0.021672696875351095
DH,5.15,S. oralis,0.10247246212286318
DH,5.15,A. naeslundii,0.13022847502118823
DH,5.15,V. parvula,0.690653130483578
DH,5.15,F. nucleatum,0.0547475571145
DH,5.15,P. gingivalis_W83,0.02189837525787068
DH,5.2,S. oralis,0.10316598132398536
DH,5.2,A. naeslundii,0.13269327743854437
DH,5.2,V. parvula,0.6862229426362577
DH,5.2,F. nucleatum,0.05579465395922964
DH,5.2,P. gingivalis_W83,0.02212314464198303
DH,5.25,S. oralis,0.10384323104389388
DH,5.25,A. naeslundii,0.13516323686979625
DH,5.25,V. parvula,0.6817991742757326
DH,5.25,F. nucleatum,0.05684738127368494
DH,5.25,P. gingivalis_W83,0.022346976536892445
DH,5.3,S. oralis,0.10450399522581387
DH,5.3,A. naeslundii,0.13763726379542107
DH,5.3,V. parvula,0.6773834751574281
DH,5.3,F. nucleatum,0.057905420612366476
DH,5.3,P. gingivalis_W83,0.02256984520897058
DH,5.3500000000000005,S. oralis,0.10514807726369665
DH,5.3500000000000005,A. naeslundii,0.14011427943019011
DH,5.3500000000000005,V. parvula,0.6729774602105874
DH,5.3500000000000005,F. nucleatum,0.0589684553487149
DH,5.3500000000000005,P. gingivalis_W83,0.02279172774681108
DH,5.4,S. oralis,0.10577530086451996
DH,5.4,A. naeslundii,0.14259321850976323
DH,5.4,V. parvula,0.6685827050491051
DH,5.4,F. nucleatum,0.060036171396203486
DH,5.4,P. gingivalis_W83,0.023012604180408083
DH,5.45,S. oralis,0.10638550711522082
DH,5.45,A. naeslundii,0.1450730287846384
DH,5.45,V. parvula,0.6642007498089244
DH,5.45,F. nucleatum,0.061108257238756535
DH,5.45,P. gingivalis_W83,0.02323245705245988
DH,5.5,S. oralis,0.10697855873581871
DH,5.5,A. naeslundii,0.1475526767151021
DH,5.5,V. parvula,0.6598330872754773
DH,5.5,F. nucleatum,0.062184405247816495
DH,5.5,P. gingivalis_W83,0.023451272025785477
DH,5.55,S. oralis,0.10755433439925847
DH,5.55,A. naeslundii,0.15003114396136832
DH,5.55,V. parvula,0.6554811735351797
DH,5.55,F. nucleatum,0.06326431104455908
DH,5.55,P. gingivalis_W83,0.02366903705963451
DH,5.6000000000000005,S. oralis,0.10811273363515235
DH,5.6000000000000005,A. naeslundii,0.15250743419074445
DH,5.6000000000000005,V. parvula,0.6511464139884382
DH,5.6000000000000005,F. nucleatum,0.06434767507722165
DH,5.6000000000000005,P. gingivalis_W83,0.023885743108443366
DH,5.65,S. oralis,0.10865367232632395
DH,5.65,A. naeslundii,0.1549805700241623
DH,5.65,V. parvula,0.6468301721409896
DH,5.65,F. nucleatum,0.06543420203945828
DH,5.65,P. gingivalis_W83,0.024101383469066037
DH,5.7,S. oralis,0.10917708472523883
DH,5.7,A. naeslundii,0.15744959699766428
DH,5.7,V. parvula,0.6425337623841725
DH,5.7,F. nucleatum,0.06652360182930943
DH,5.7,P. gingivalis_W83,0.024315954063615072
DH,5.75,S. oralis,0.1096829225678431
DH,5.75,A. naeslundii,0.1599135844290403
DH,5.75,V. parvula,0.6382584498690628
DH,5.75,F. nucleatum,0.06761558982891044
DH,5.75,P. gingivalis_W83,0.024529453305143247
DH,5.800000000000001,S. oralis,0.11017115318590677
DH,5.800000000000001,A. naeslundii,0.16237162420764356
DH,5.800000000000001,V. parvula,0.6340054541089181
DH,5.800000000000001,F. nucleatum,0.06870988667426757
DH,5.800000000000001,P. gingivalis_W83,0.024741881823263864
DH,5.8500000000000005,S. oralis,0.11064176167483007
DH,5.8500000000000005,A. naeslundii,0.1648228359355592
DH,5.8500000000000005,V. parvula,0.6297759401063433
DH,5.8500000000000005,F. nucleatum,0.0698062195193844
DH,5.8500000000000005,P. gingivalis_W83,0.024953242763882888
DH,5.9,S. oralis,0.11109474769906323
DH,5.9,A. naeslundii,0.1672663634929927
DH,5.9,V. parvula,0.6255710262014182
DH,5.9,F. nucleatum,0.07090432127657485
DH,5.9,P. gingivalis_W83,0.02516354132995105
DH,5.95,S. oralis,0.11153012658331306
DH,5.95,A. naeslundii,0.1697013784067157
DH,5.95,V. parvula,0.6213917786250508
DH,5.95,F. nucleatum,0.07200393145622319
DH,5.95,P. gingivalis_W83,0.025372784928697274
DH,6.0,S. oralis,0.11194792857179159
DH,6.0,A. naeslundii,0.17212708037414307
DH,6.0,V. parvula,0.6172392116547111
DH,6.0,F. nucleatum,0.07310479634042182
DH,6.0,P. gingivalis_W83,0.025580983058932423
DH,6.050000000000001,S. oralis,0.1123481970024473
DH,6.050000000000001,A. naeslundii,0.1745426951153998
DH,6.050000000000001,V. parvula,0.613114292337684
DH,6.050000000000001,F. nucleatum,0.07420666849541932
DH,6.050000000000001,P. gingivalis_W83,0.025788147049049533
DH,6.1000000000000005,S. oralis,0.1127309899331549
DH,6.1000000000000005,A. naeslundii,0.17694747949471112
DH,6.1000000000000005,V. parvula,0.6090179322482122
DH,6.1000000000000005,F. nucleatum,0.07530930804871447
DH,6.1000000000000005,P. gingivalis_W83,0.025994290275207395
DH,6.15,S. oralis,0.11309637739513011
DH,6.15,A. naeslundii,0.17934071720403758
DH,6.15,V. parvula,0.6049509959574376
DH,6.15,F. nucleatum,0.07641248167150472
DH,6.15,P. gingivalis_W83,0.026199427771890025
DH,6.2,S. oralis,0.11344444205100673
DH,6.2,A. naeslundii,0.18172172172520457
DH,6.2,V. parvula,0.6009142965823518
DH,6.2,F. nucleatum,0.07751596332570856
DH,6.2,P. gingivalis_W83,0.026403576315728323
DH,6.25,S. oralis,0.11377527850723976
DH,6.25,A. naeslundii,0.18408983647870863
DH,6.25,V. parvula,0.5969085963603902
DH,6.25,F. nucleatum,0.07861953433202024
DH,6.25,P. gingivalis_W83,0.026606754321641342
DH,6.300000000000001,S. oralis,0.11408899169628621
DH,6.300000000000001,A. naeslundii,0.18644443204940567
DH,6.300000000000001,V. parvula,0.5929346119335849
DH,6.300000000000001,F. nucleatum,0.07972298270631697
DH,6.300000000000001,P. gingivalis_W83,0.02680898161440629
DH,6.3500000000000005,S. oralis,0.11438569799175753
DH,6.3500000000000005,A. naeslundii,0.18878491096181224
DH,6.3500000000000005,V. parvula,0.5889930071121822
DH,6.3500000000000005,F. nucleatum,0.08082610436288842
DH,6.3500000000000005,P. gingivalis_W83,0.027010279571359656
DH,6.4,S. oralis,0.1146655229896834
DH,6.4,A. naeslundii,0.1911107029793409
DH,6.4,V. parvula,0.5850844012445952
DH,6.4,F. nucleatum,0.0819287019729575
DH,6.4,P. gingivalis_W83,0.02721067081342302
DH,6.45,S. oralis,0.11492860182186222
DH,6.45,A. naeslundii,0.193421267513165
DH,6.45,V. parvula,0.5812093658471769
DH,6.45,F. nucleatum,0.08303058557821578
DH,6.45,P. gingivalis_W83,0.027410179239580116
DH,6.5,S. oralis,0.11517507854960873
DH,6.5,A. naeslundii,0.19571609351591215
DH,6.5,V. parvula,0.5773684254114534
DH,6.5,F. nucleatum,0.08413157258699211
DH,6.5,P. gingivalis_W83,0.027608829936033613
DH,6.550000000000001,S. oralis,0.11540510482843674
DH,6.550000000000001,A. naeslundii,0.1979946963817655
DH,6.550000000000001,V. parvula,0.5735620627840805
DH,6.550000000000001,F. nucleatum,0.08523148701409272
DH,6.550000000000001,P. gingivalis_W83,0.027806648991624473
DH,6.6000000000000005,S. oralis,0.11561884057954028
DH,6.6000000000000005,A. naeslundii,0.20025662216232099
DH,6.6000000000000005,V. parvula,0.5697907131288015
DH,6.6000000000000005,F. nucleatum,0.08633016055300975
DH,6.6000000000000005,P. gingivalis_W83,0.028003663576327508
DH,6.65,S. oralis,0.1158164523096927
DH,6.65,A. naeslundii,0.20250144290324196
DH,6.65,V. parvula,0.5660547716501738
DH,6.65,F. nucleatum,0.08742743142397708
DH,6.65,P. gingivalis_W83,0.028199901712914494
DH,6.7,S. oralis,0.11599811316502202
DH,6.7,A. naeslundii,0.20472875840879076
DH,6.7,V. parvula,0.5623545913219811
DH,6.7,F. nucleatum,0.08852314482867736
DH,6.7,P. gingivalis_W83,0.02839539227552877
DH,6.75,S. oralis,0.11616400243816091
DH,6.75,A. naeslundii,0.2069381960855495
DH,6.75,V. parvula,0.5586904836313621
DH,6.75,F. nucleatum,0.08961715292894196
DH,6.75,P. gingivalis_W83,0.028590164915985487
DH,6.800000000000001,S. oralis,0.11631430452156617
DH,6.800000000000001,A. naeslundii,0.20912940768181257
DH,6.800000000000001,V. parvula,0.5550627238383227
DH,6.800000000000001,F. nucleatum,0.0907093140348101
DH,6.800000000000001,P. gingivalis_W83,0.028784249923488447
DH,6.8500000000000005,S. oralis,0.11644920923167117
DH,6.8500000000000005,A. naeslundii,0.21130207288737834
DH,6.8500000000000005,V. parvula,0.5514715460980475
DH,6.8500000000000005,F. nucleatum,0.09179949352902073
DH,6.8500000000000005,P. gingivalis_W83,0.02897767825388227
DH,6.9,S. oralis,0.11656891062668001
DH,6.9,A. naeslundii,0.21345589503643703
DH,6.9,V. parvula,0.547917150169237
DH,6.9,F. nucleatum,0.09288756279318813
DH,6.9,P. gingivalis_W83,0.0291704813744577
DH,6.95,S. oralis,0.11667360685995953
DH,6.95,A. naeslundii,0.21559060199666719
DH,6.95,V. parvula,0.5443997004637603
DH,6.95,F. nucleatum,0.09397339944263185
DH,6.95,P. gingivalis_W83,0.02936269123698098
DH,7.0,S. oralis,0.11676349986284446
DH,7.0,A. naeslundii,0.21770594659705997
DH,7.0,V. parvula,0.5409193258599877
DH,7.0,F. nucleatum,0.09505688745281514
DH,7.0,P. gingivalis_W83,0.029554340227292846
DH,7.050000000000001,S. oralis,0.11683879453902704
DH,7.050000000000001,A. naeslundii,0.21980170312252553
DH,7.050000000000001,V. parvula,0.5374761250025998
DH,7.050000000000001,F. nucleatum,0.09613791627292767
DH,7.050000000000001,P. gingivalis_W83,0.029745461062920003
DH,7.1000000000000005,S. oralis,0.11689969880596579
DH,7.1000000000000005,A. naeslundii,0.2218776700806579
DH,7.1000000000000005,V. parvula,0.5340701627789929
DH,7.1000000000000005,F. nucleatum,0.09721638155034347
DH,7.1000000000000005,P. gingivalis_W83,0.029936086784039792
DH,7.15,S. oralis,0.116946422775874
DH,7.15,A. naeslundii,0.22393366562285802
DH,7.15,V. parvula,0.530701476980717
DH,7.15,F. nucleatum,0.09829218396558677
DH,7.15,P. gingivalis_W83,0.03012625065496423
DH,7.2,S. oralis,0.11697917884667584
DH,7.2,A. naeslundii,0.22596953164582753
DH,7.2,V. parvula,0.5273700730497431
DH,7.2,F. nucleatum,0.099365230302326
DH,7.2,P. gingivalis_W83,0.030315986155427493
DH,7.25,S. oralis,0.11699818087149148
DH,7.25,A. naeslundii,0.22798512720012049
DH,7.25,V. parvula,0.5240759332771445
DH,7.25,F. nucleatum,0.10043543175995691
DH,7.25,P. gingivalis_W83,0.030505326891286575
DH,7.300000000000001,S. oralis,0.11700364428635172
DH,7.300000000000001,A. naeslundii,0.22998033442129168
DH,7.300000000000001,V. parvula,0.5208190092113731
DH,7.300000000000001,F. nucleatum,0.10150270549943231
DH,7.300000000000001,P. gingivalis_W83,0.030694306581550937
DH,7.3500000000000005,S. oralis,0.11699578539871648
DH,7.3500000000000005,A. naeslundii,0.23195505068680938
DH,7.3500000000000005,V. parvula,0.5175992322952576
DH,7.3500000000000005,F. nucleatum,0.10256697262539377
DH,7.3500000000000005,P. gingivalis_W83,0.03088295899382279
DH,7.4,S. oralis,0.11697482140199561
DH,7.4,A. naeslundii,0.23390919521405948
DH,7.4,V. parvula,0.514416505561408
DH,7.4,F. nucleatum,0.10362815991169913
DH,7.4,P. gingivalis_W83,0.031071317910837684
DH,7.45,S. oralis,0.1169409698848835
DH,7.45,A. naeslundii,0.2358427010433172
DH,7.45,V. parvula,0.5112707142426315
DH,7.45,F. nucleatum,0.10468619772908799
DH,7.45,P. gingivalis_W83,0.03125941710007983
DH,7.5,S. oralis,0.11689444867552529
DH,7.5,A. naeslundii,0.23775552141012554
DH,7.5,V. parvula,0.5081617179375474
DH,7.5,F. nucleatum,0.10574102172067507
DH,7.5,P. gingivalis_W83,0.031447290256126685
DH,7.550000000000001,S. oralis,0.11683547558742818
DH,7.550000000000001,A. naeslundii,0.23964762230645864
DH,7.550000000000001,V. parvula,0.5050893602333472
DH,7.550000000000001,F. nucleatum,0.10679257087008155
DH,7.550000000000001,P. gingivalis_W83,0.03163497100268446
DH,7.6000000000000005,S. oralis,0.11676426808716828
DH,7.6000000000000005,A. naeslundii,0.24151898831412674
DH,7.6000000000000005,V. parvula,0.5020534617411648
DH,7.6000000000000005,F. nucleatum,0.10784078904594348
DH,7.6000000000000005,P. gingivalis_W83,0.03182249281159671
DH,7.65,S. oralis,0.11668104334259873
DH,7.65,A. naeslundii,0.24336961460155992
DH,7.65,V. parvula,0.49905383009528476
DH,7.65,F. nucleatum,0.10888562290741965
DH,7.65,P. gingivalis_W83,0.03200988905313697
DH,7.7,S. oralis,0.11658601753643566
DH,7.7,A. naeslundii,0.2451995153449425
DH,7.7,V. parvula,0.4960902501229612
DH,7.7,F. nucleatum,0.10992702414715812
DH,7.7,P. gingivalis_W83,0.03219719284850254
DH,7.75,S. oralis,0.11647940633859773
DH,7.75,A. naeslundii,0.247008712936177
DH,7.75,V. parvula,0.493162496887119
DH,7.75,F. nucleatum,0.11096494663978669
DH,7.75,P. gingivalis_W83,0.03238443719831963
DH,7.800000000000001,S. oralis,0.1163614240647145
DH,7.800000000000001,A. naeslundii,0.24879724612218174
DH,7.800000000000001,V. parvula,0.4902703263705901
DH,7.800000000000001,F. nucleatum,0.11199934862862265
DH,7.800000000000001,P. gingivalis_W83,0.03257165481389104
DH,7.8500000000000005,S. oralis,0.116232283977744
DH,7.8500000000000005,A. naeslundii,0.2505651639144045
DH,7.8500000000000005,V. parvula,0.48741348280415947
DH,7.8500000000000005,F. nucleatum,0.11303019110874443
DH,7.8500000000000005,P. gingivalis_W83,0.03275887819494763
DH,7.9,S. oralis,0.11609219808559139
DH,7.9,A. naeslundii,0.25231252619168315
DH,7.9,V. parvula,0.48459169811999675
DH,7.9,F. nucleatum,0.11405743800606286
DH,7.9,P. gingivalis_W83,0.03294613959666582
DH,7.95,S. oralis,0.11594137654770878
DH,7.95,A. naeslundii,0.2540394058842394
DH,7.95,V. parvula,0.48180468985289016
DH,7.95,F. nucleatum,0.11508105678490933
DH,7.95,P. gingivalis_W83,0.033133470930252346
DH,8.0,S. oralis,0.1157800285209503
DH,8.0,A. naeslundii,0.2557458825223826
DH,8.0,V. parvula,0.47905216832536557
DH,8.0,F. nucleatum,0.11610101670815876
DH,8.0,P. gingivalis_W83,0.0333209039231428
DH,8.05,S. oralis,0.11560836070739763
DH,8.05,A. naeslundii,0.2574320490885887
DH,8.05,V. parvula,0.4763338296028154
DH,8.05,F. nucleatum,0.11711729073318079
DH,8.05,P. gingivalis_W83,0.033508469868017546
DH,8.100000000000001,S. oralis,0.11542657861065309
DH,8.100000000000001,A. naeslundii,0.2590980044706776
DH,8.100000000000001,V. parvula,0.4736493636205886
DH,8.100000000000001,F. nucleatum,0.11812985344898022
DH,8.100000000000001,P. gingivalis_W83,0.03369619984910046
DH,8.15,S. oralis,0.11523488545336245
DH,8.15,A. naeslundii,0.26074385768811525
DH,8.15,V. parvula,0.4709984500302015
DH,8.15,F. nucleatum,0.11913868226775391
DH,8.15,P. gingivalis_W83,0.03388412456056688
DH,8.2,S. oralis,0.11503348251907546
DH,8.2,A. naeslundii,0.2623697253515761
DH,8.2,V. parvula,0.4683807610251571
DH,8.2,F. nucleatum,0.12014375673334607
DH,8.2,P. gingivalis_W83,0.03407227437084513
DH,8.25,S. oralis,0.1148225693060099
DH,8.25,A. naeslundii,0.26397573058272106
DH,8.25,V. parvula,0.46579596252486016
DH,8.25,F. nucleatum,0.12114505823471966
DH,8.25,P. gingivalis_W83,0.03426067935168901
DH,8.3,S. oralis,0.1146023424621805
DH,8.3,A. naeslundii,0.26556200552082887
DH,8.3,V. parvula,0.46324371216079485
DH,8.3,F. nucleatum,0.12214257074682226
DH,8.3,P. gingivalis_W83,0.03444936910937353
DH,8.350000000000001,S. oralis,0.11437299764487846
DH,8.350000000000001,A. naeslundii,0.2671286855244313
DH,8.350000000000001,V. parvula,0.4607236645752428
DH,8.350000000000001,F. nucleatum,0.12313627916746243
DH,8.350000000000001,P. gingivalis_W83,0.034638373087985064
DH,8.4,S. oralis,0.11413472692353507
DH,8.4,A. naeslundii,0.26867591529810375
DH,8.4,V. parvula,0.4582354664771232
DH,8.4,F. nucleatum,0.1241261711422525
DH,8.4,P. gingivalis_W83,0.03482772015898554
DH,8.45,S. oralis,0.1138877206171635
DH,8.45,A. naeslundii,0.2702038436574333
DH,8.45,V. parvula,0.4557787612672282
DH,8.45,F. nucleatum,0.1251122355409075
DH,8.45,P. gingivalis_W83,0.03501743891726756
DH,8.5,S. oralis,0.11363216757434842
DH,8.5,A. naeslundii,0.27171262296720955
DH,8.5,V. parvula,0.45335318944200104
DH,8.5,F. nucleatum,0.12609446229118987
DH,8.5,P. gingivalis_W83,0.035207557725250964
DH,8.55,S. oralis,0.11336825268238522
DH,8.55,A. naeslundii,0.2732024133175844
DH,8.55,V. parvula,0.4509583859692826
DH,8.55,F. nucleatum,0.12707284369954042
DH,8.55,P. gingivalis_W83,0.03539810433120716
DH,8.600000000000001,S. oralis,0.11309615944378978
DH,8.600000000000001,A. naeslundii,0.27467337721191465
DH,8.600000000000001,V. parvula,0.44859398424255487
DH,8.600000000000001,F. nucleatum,0.12804737283099038
DH,8.600000000000001,P. gingivalis_W83,0.03558910627075034
DH,8.65,S. oralis,0.11281606942510161
DH,8.65,A. naeslundii,0.27612568058711323
DH,8.65,V. parvula,0.4462596153737113
DH,8.65,F. nucleatum,0.12901804383165402
DH,8.65,P. gingivalis_W83,0.03578059078241989
DH,8.7,S. oralis,0.11252816030410992
DH,8.7,A. naeslundii,0.2775594949797054
DH,8.7,V. parvula,0.4439549075091676
DH,8.7,F. nucleatum,0.12998485268975177
DH,8.7,P. gingivalis_W83,0.03597258451726536
DH,8.75,S. oralis,0.11223260854145811
DH,8.75,A. naeslundii,0.2789749934863953
DH,8.75,V. parvula,0.44167948810516927
DH,8.75,F. nucleatum,0.13094779592287978
DH,8.75,P. gingivalis_W83,0.03616511394409751
DH,8.8,S. oralis,0.11192958822763616
DH,8.8,A. naeslundii,0.28037235222904017
DH,8.8,V. parvula,0.43943298328497976
DH,8.8,F. nucleatum,0.13190687108069665
DH,8.8,P. gingivalis_W83,0.03635820517764724
DH,8.850000000000001,S. oralis,0.11161926987504737
DH,8.850000000000001,A. naeslundii,0.28175175101792943
DH,8.850000000000001,V. parvula,0.437215018250793
DH,8.850000000000001,F. nucleatum,0.13286207705126907
DH,8.850000000000001,P. gingivalis_W83,0.036551883804961105
DH,8.9,S. oralis,0.11130182276368412
DH,8.9,A. naeslundii,0.28311337078199206
DH,8.9,V. parvula,0.4350252180732157
DH,8.9,F. nucleatum,0.13381341314814044
DH,8.9,P. gingivalis_W83,0.03674617523296767
DH,8.95,S. oralis,0.11097741349869716
DH,8.95,A. naeslundii,0.2844573947900181
DH,8.95,V. parvula,0.4328632076426335
DH,8.95,F. nucleatum,0.13476087958962166
DH,8.95,P. gingivalis_W83,0.03694110447902962
DH,9.0,S. oralis,0.11064620545076878
DH,9.0,A. naeslundii,0.28578400852413427
DH,9.0,V. parvula,0.4307286123928387
DH,9.0,F. nucleatum,0.1357044775374273
DH,9.0,P. gingivalis_W83,0.037136696094830925
DH,9.05,S. oralis,0.11030836093181601
DH,9.05,A. naeslundii,0.28709339815832546
DH,9.05,V. parvula,0.42862105797373024
DH,9.05,F. nucleatum,0.13664420845582584
DH,9.05,P. gingivalis_W83,0.03733297448030237
DH,9.1,S. oralis,0.10996403892621057
DH,9.1,A. naeslundii,0.28838575158597357
DH,9.1,V. parvula,0.4265401712709344
DH,9.1,F. nucleatum,0.13758007465336167
DH,9.1,P. gingivalis_W83,0.037529963563519946
DH,9.15,S. oralis,0.10961339591257738
DH,9.15,A. naeslundii,0.2896612576767682
DH,9.15,V. parvula,0.4244855804911633
DH,9.15,F. nucleatum,0.13851207899899093
DH,9.15,P. gingivalis_W83,0.037727686920500415
DH,9.200000000000001,S. oralis,0.10925658724343622
DH,9.200000000000001,A. naeslundii,0.29092010575940536
DH,9.200000000000001,V. parvula,0.4224569144083995
DH,9.200000000000001,F. nucleatum,0.13944022461953165
DH,9.200000000000001,P. gingivalis_W83,0.03792616796922726
DH,9.25,S. oralis,0.10889376453224581
DH,9.25,A. naeslundii,0.2921624860084618
DH,9.25,V. parvula,0.42045380450532754
DH,9.25,F. nucleatum,0.14036451534271246
DH,9.25,P. gingivalis_W83,0.03812542961125233
DH,9.3,S. oralis,0.10852507756901586
DH,9.3,A. naeslundii,0.2933885888359452
DH,9.3,V. parvula,0.4184758837981146
DH,9.3,F. nucleatum,0.1412849552984647
DH,9.3,P. gingivalis_W83,0.038325494498459546
DH,9.35,S. oralis,0.10815067475607308
DH,9.35,A. naeslundii,0.2945986048562177
DH,9.35,V. parvula,0.4165227864421478
DH,9.35,F. nucleatum,0.14220154885259825
DH,9.35,P. gingivalis_W83,0.03852638509296311
DH,9.4,S. oralis,0.10777070072653139
DH,9.4,A. naeslundii,0.2957927246064387
DH,9.4,V. parvula,0.4145941504434655
DH,9.4,F. nucleatum,0.14311430087332938
DH,9.4,P. gingivalis_W83,0.038728123350235046
DH,9.450000000000001,S. oralis,0.10738529875785846
DH,9.450000000000001,A. naeslundii,0.2969711384858336
DH,9.450000000000001,V. parvula,0.4126896153250457
DH,9.450000000000001,F. nucleatum,0.14402321638601734
DH,9.450000000000001,P. gingivalis_W83,0.03893073104524482
DH,9.5,S. oralis,0.10699461042056586
DH,9.5,A. naeslundii,0.2981340367235589
DH,9.5,V. parvula,0.4108088225145059
DH,9.5,F. nucleatum,0.14492830061514833
DH,9.5,P. gingivalis_W83,0.03913422972622088
DH,9.55,S. oralis,0.10659877375422408
DH,9.55,A. naeslundii,0.29928160870777054
DH,9.55,V. parvula,0.4089514179634614
DH,9.55,F. nucleatum,0.14582955909417206
DH,9.55,P. gingivalis_W83,0.039338640480371855
DH,9.6,S. oralis,0.10619792570608606
DH,9.6,A. naeslundii,0.3004140434871976
DH,9.6,V. parvula,0.4071170491166055
DH,9.6,F. nucleatum,0.14672699743625275
DH,9.6,P. gingivalis_W83,0.03954398425385799
DH,9.65,S. oralis,0.10579220122400218
DH,9.65,A. naeslundii,0.30153152946989903
DH,9.65,V. parvula,0.4053053661744071
DH,9.65,F. nucleatum,0.14762062139611926
DH,9.65,P. gingivalis_W83,0.039750281735572386
DH,9.700000000000001,S. oralis,0.10538173212430915
DH,9.700000000000001,A. naeslundii,0.3026342537055014
DH,9.700000000000001,V. parvula,0.4035160240720441
DH,9.700000000000001,F. nucleatum,0.14851043687985394
DH,9.700000000000001,P. gingivalis_W83,0.03995755321829132
DH,9.75,S. oralis,0.10496664920711948
DH,9.75,A. naeslundii,0.30372240273608425
DH,9.75,V. parvula,0.401748679358746
DH,9.75,F. nucleatum,0.14939644983013692
DH,9.75,P. gingivalis_W83,0.04016581886791328
DH,9.8,S. oralis,0.10454708107879818
DH,9.8,A. naeslundii,0.30479616196483184
DH,9.8,V. parvula,0.40000299211946344
DH,9.8,F. nucleatum,0.15027866625911598
DH,9.8,P. gingivalis_W83,0.04037509857779048
DH,9.85,S. oralis,0.10412315362816514
DH,9.85,A. naeslundii,0.3058557151274017
DH,9.85,V. parvula,0.3982786271168989
DH,9.85,F. nucleatum,0.1511570922180139
DH,9.85,P. gingivalis_W83,0.040585411909520384
DH,9.9,S. oralis,0.10369499183962606
DH,9.9,A. naeslundii,0.30690124537195307
DH,9.9,V. parvula,0.3965752507079836
DH,9.9,F. nucleatum,0.15203173376509294
DH,9.9,P. gingivalis_W83,0.040796778315344305
DH,9.950000000000001,S. oralis,0.1032627181620286
DH,9.950000000000001,A. naeslundii,0.3079329340513128
DH,9.950000000000001,V. parvula,0.39489253389066953
DH,9.950000000000001,F. nucleatum,0.15290259695083702
DH,9.950000000000001,P. gingivalis_W83,0.041009216945152
DH,10.0,S. oralis,0.10282645289307063
DH,10.0,A. naeslundii,0.308950960843938
DH,10.0,V. parvula,0.3932301517722572
DH,10.0,F. nucleatum,0.15376968779422312
DH,10.0,P. gingivalis_W83,0.041222746696511006
DH,10.05,S. oralis,0.1023863154721738
DH,10.05,A. naeslundii,0.3099555047572594
DH,10.05,V. parvula,0.3915877811037738
DH,10.05,F. nucleatum,0.15463301230024615
DH,10.05,P. gingivalis_W83,0.04143738636654678
DH,10.1,S. oralis,0.1019424224677836
DH,10.1,A. naeslundii,0.31094674228334124
DH,10.1,V. parvula,0.38996510444011956
DH,10.1,F. nucleatum,0.15549257638348501
DH,10.1,P. gingivalis_W83,0.041653154425270546
DH,10.15,S. oralis,0.10149488891995344
DH,10.15,A. naeslundii,0.3119248484925061
DH,10.15,V. parvula,0.38836180751776284
DH,10.15,F. nucleatum,0.15634838589840966
DH,10.15,P. gingivalis_W83,0.04187006917136795
DH,10.200000000000001,S. oralis,0.10104382885102922
DH,10.200000000000001,A. naeslundii,0.3128899975085037
DH,10.200000000000001,V. parvula,0.3867775781933397
DH,10.200000000000001,F. nucleatum,0.1572004466576151
DH,10.200000000000001,P. gingivalis_W83,0.04208814878951225
DH,10.25,S. oralis,0.10058935338566065
DH,10.25,A. naeslundii,0.3138423604893186
DH,10.25,V. parvula,0.385212110657944
DH,10.25,F. nucleatum,0.15804876431679296
DH,10.25,P. gingivalis_W83,0.042307411150283865
DH,10.3,S. oralis,0.10013157254472088
DH,10.3,A. naeslundii,0.3147821074111559
DH,10.3,V. parvula,0.38366510157193773
DH,10.3,F. nucleatum,0.15889334446538683
DH,10.3,P. gingivalis_W83,0.042527874006798624
DH,10.35,S. oralis,0.09967059511353167
DH,10.35,A. naeslundii,0.31570940692038796
DH,10.35,V. parvula,0.3821362503703229
DH,10.35,F. nucleatum,0.15973419261480037
DH,10.35,P. gingivalis_W83,0.04274955498095711
DH,10.4,S. oralis,0.09920652716119124
DH,10.4,A. naeslundii,0.3166244245234648
DH,10.4,V. parvula,0.38062526281885817
DH,10.4,F. nucleatum,0.16057131408019443
DH,10.4,P. gingivalis_W83,0.0429724714162914
DH,10.450000000000001,S. oralis,0.09873947390313158
DH,10.450000000000001,A. naeslundii,0.31752732470241857
DH,10.450000000000001,V. parvula,0.37913184671268624
DH,10.450000000000001,F. nucleatum,0.16140471411101556
DH,10.450000000000001,P. gingivalis_W83,0.04319664057074799
DH,10.5,S. oralis,0.09826953910748634
DH,10.5,A. naeslundii,0.3184182701871085
DH,10.5,V. parvula,0.3776557133078965
DH,10.5,F. nucleatum,0.16223439783970367
DH,10.5,P. gingivalis_W83,0.043422079557805186
DH,10.55,S. oralis,0.09779682412982355
DH,10.55,A. naeslundii,0.3192974206298229
DH,10.55,V. parvula,0.37619657979079424
DH,10.55,F. nucleatum,0.16306037019060018
DH,10.55,P. gingivalis_W83,0.0436488052589593
DH,10.600000000000001,S. oralis,0.09732142957033076
DH,10.600000000000001,A. naeslundii,0.3201649346874586
DH,10.600000000000001,V. parvula,0.37475416523749844
DH,10.600000000000001,F. nucleatum,0.16388263601975223
DH,10.600000000000001,P. gingivalis_W83,0.0438768344849601
DH,10.65,S. oralis,0.09684345442869431
DH,10.65,A. naeslundii,0.3210209688858872
DH,10.65,V. parvula,0.3733281927551368
DH,10.65,F. nucleatum,0.1647012000325049
DH,10.65,P. gingivalis_W83,0.044106183897776964
DH,10.700000000000001,S. oralis,0.0963629956279177
DH,10.700000000000001,A. naeslundii,0.321865676877232
DH,10.700000000000001,V. parvula,0.3719183907870704
DH,10.700000000000001,F. nucleatum,0.16551606673393865
DH,10.700000000000001,P. gingivalis_W83,0.04433686997384141
DH,10.75,S. oralis,0.0958801493746624
DH,10.75,A. naeslundii,0.3226992112979963
DH,10.75,V. parvula,0.3705244896428332
DH,10.75,F. nucleatum,0.16632724055734485
DH,10.75,P. gingivalis_W83,0.044568909127163374
DH,10.8,S. oralis,0.09539501011486366
DH,10.8,A. naeslundii,0.32352172224620807
DH,10.8,V. parvula,0.3691462242633298
DH,10.8,F. nucleatum,0.16713472575419272
DH,10.8,P. gingivalis_W83,0.04480231762140567
DH,10.850000000000001,S. oralis,0.09490767050887557
DH,10.850000000000001,A. naeslundii,0.32433335716941125
DH,10.850000000000001,V. parvula,0.36778333435525595
DH,10.850000000000001,F. nucleatum,0.16793852639207177
DH,10.850000000000001,P. gingivalis_W83,0.045037111574385426
DH,10.9,S. oralis,0.09441822277311328
DH,10.9,A. naeslundii,0.32513426286641106
DH,10.9,V. parvula,0.3664355608035034
DH,10.9,F. nucleatum,0.16873864649079584
DH,10.9,P. gingivalis_W83,0.045273307066176494
DH,10.950000000000001,S. oralis,0.09392675705079351
DH,10.950000000000001,A. naeslundii,0.325924582937436
DH,10.950000000000001,V. parvula,0.3651026501491753
DH,10.950000000000001,F. nucleatum,0.16953508984523172
DH,10.950000000000001,P. gingivalis_W83,0.04551092001736361
DH,11.0,S. oralis,0.09343336182545353
DH,11.0,A. naeslundii,0.32670445838377316
DH,11.0,V. parvula,0.3637843534907394
DH,11.0,F. nucleatum,0.17032786007469564
DH,11.0,P. gingivalis_W83,0.04574996622533825
DH,11.05,S. oralis,0.09293812501956883
DH,11.05,A. naeslundii,0.32747402929921515
DH,11.05,V. parvula,0.3624804234940354
DH,11.05,F. nucleatum,0.17111696073844576
DH,11.05,P. gingivalis_W83,0.045990461448734955
DH,11.100000000000001,S. oralis,0.09244113346171974
DH,11.100000000000001,A. naeslundii,0.3282334340400802
DH,11.100000000000001,V. parvula,0.3611906158627395
DH,11.100000000000001,F. nucleatum,0.17190239526994583
DH,11.100000000000001,P. gingivalis_W83,0.04623242136551468
DH,11.15,S. oralis,0.09194247147141714
DH,11.15,A. naeslundii,0.3289828068263118
DH,11.15,V. parvula,0.35991469337589227
DH,11.15,F. nucleatum,0.1726841668360342
DH,11.15,P. gingivalis_W83,0.04647586149034467
DH,11.200000000000001,S. oralis,0.09144222291146015
DH,11.200000000000001,A. naeslundii,0.3297222811097855
DH,11.200000000000001,V. parvula,0.3586524201117428
DH,11.200000000000001,F. nucleatum,0.1734622785566562
DH,11.200000000000001,P. gingivalis_W83,0.046720797310355326
DH,11.25,S. oralis,0.09094047099783284
DH,11.25,A. naeslundii,0.33045198927153185
DH,11.25,V. parvula,0.3574035619854579
DH,11.25,F. nucleatum,0.17423673347615304
DH,11.25,P. gingivalis_W83,0.046967244269024336
DH,11.3,S. oralis,0.09043729661394873
DH,11.3,A. naeslundii,0.33117205970284574
DH,11.3,V. parvula,0.3561678916115521
DH,11.3,F. nucleatum,0.17500753439429517
DH,11.3,P. gingivalis_W83,0.047215217677358264
DH,11.350000000000001,S. oralis,0.08993277969967209
DH,11.350000000000001,A. naeslundii,0.331882619170226
DH,11.350000000000001,V. parvula,0.3549451843185868
DH,11.350000000000001,F. nucleatum,0.1757746840163465
DH,11.350000000000001,P. gingivalis_W83,0.047464732795168774
DH,11.4,S. oralis,0.0894269994958328
DH,11.4,A. naeslundii,0.33258379321318193
DH,11.4,V. parvula,0.35373521746570763
DH,11.4,F. nucleatum,0.1765381849778164
DH,11.4,P. gingivalis_W83,0.04771580484746118
DH,11.450000000000001,S. oralis,0.08892003413111275
DH,11.450000000000001,A. naeslundii,0.33327570542528356
DH,11.450000000000001,V. parvula,0.35253777164949884
DH,11.450000000000001,F. nucleatum,0.177298039793261
DH,11.450000000000001,P. gingivalis_W83,0.04796844900084382
DH,11.5,S. oralis,0.08841195963319462
DH,11.5,A. naeslundii,0.33395847567050607
DH,11.5,V. parvula,0.3513526335845333
DH,11.5,F. nucleatum,0.17805425078243936
DH,11.5,P. gingivalis_W83,0.048222680329326605
DH,11.55,S. oralis,0.08790285168953733
DH,11.55,A. naeslundii,0.3346322231985666
DH,11.55,V. parvula,0.3501795909814524
DH,11.55,F. nucleatum,0.17880682023612093
DH,11.55,P. gingivalis_W83,0.048478513894322776
DH,11.600000000000001,S. oralis,0.08739278528088468
DH,11.600000000000001,A. naeslundii,0.33529706599162
DH,11.600000000000001,V. parvula,0.34901843363364815
DH,11.600000000000001,F. nucleatum,0.17955575036948754
DH,11.600000000000001,P. gingivalis_W83,0.048735964724359704
DH,11.65,S. oralis,0.08688183315867797
DH,11.65,A. naeslundii,0.33595311798833954
DH,11.65,V. parvula,0.3478689578718038
DH,11.65,F. nucleatum,0.1803010432099313
DH,11.65,P. gingivalis_W83,0.04899504777124751
DH,11.700000000000001,S. oralis,0.08637006747910893
DH,11.700000000000001,A. naeslundii,0.3366004920442566
DH,11.700000000000001,V. parvula,0.3467309617693997
DH,11.700000000000001,F. nucleatum,0.18104270073890186
DH,11.700000000000001,P. gingivalis_W83,0.049255777968332845
DH,11.75,S. oralis,0.08585755984086033
DH,11.75,A. naeslundii,0.33723929999009483
DH,11.75,V. parvula,0.34560424504806064
DH,11.75,F. nucleatum,0.18178072488990588
DH,11.75,P. gingivalis_W83,0.04951817023107827
DH,11.8,S. oralis,0.08534438032761589
DH,11.8,A. naeslundii,0.33786965086662496
DH,11.8,V. parvula,0.34448861189328467
DH,11.8,F. nucleatum,0.18251511747790336
DH,11.8,P. gingivalis_W83,0.04978223943457111
DH,11.850000000000001,S. oralis,0.0848305975895676
DH,11.850000000000001,A. naeslundii,0.33849165107369084
DH,11.850000000000001,V. parvula,0.3433838706889102
DH,11.850000000000001,F. nucleatum,0.18324588022449229
DH,11.850000000000001,P. gingivalis_W83,0.050048000423339206
DH,11.9,S. oralis,0.0843162798880174
DH,11.9,A. naeslundii,0.3391054062880605
DH,11.9,V. parvula,0.3422898309585099
DH,11.9,F. nucleatum,0.18397301482918144
DH,11.9,P. gingivalis_W83,0.05031546803623094
DH,11.950000000000001,S. oralis,0.08380149468999694
DH,11.950000000000001,A. naeslundii,0.33971102070336456
DH,11.950000000000001,V. parvula,0.34120630458286794
DH,11.950000000000001,F. nucleatum,0.18469652292940256
DH,11.950000000000001,P. gingivalis_W83,0.05058465709436808
DH,12.0,S. oralis,0.0832863074547857
DH,12.0,A. naeslundii,0.34030859478546116
DH,12.0,V. parvula,0.3401331093002424
DH,12.0,F. nucleatum,0.18541640606166987
DH,12.0,P. gingivalis_W83,0.05085558239784095
DH,12.05,S. oralis,0.08277078324246435
DH,12.05,A. naeslundii,0.3408982282589477
DH,12.05,V. parvula,0.339070064007185
DH,12.05,F. nucleatum,0.18613266574673812
DH,12.05,P. gingivalis_W83,0.05112825874466495
DH,12.100000000000001,S. oralis,0.0822549866279338
DH,12.100000000000001,A. naeslundii,0.3414800199333177
DH,12.100000000000001,V. parvula,0.33801698903800514
DH,12.100000000000001,F. nucleatum,0.18684530347423695
DH,12.100000000000001,P. gingivalis_W83,0.0514027009265063
DH,12.15,S. oralis,0.08173898041655173
DH,12.15,A. naeslundii,0.3420540653203043
DH,12.15,V. parvula,0.3369737098616556
DH,12.15,F. nucleatum,0.18755432066806443
DH,12.15,P. gingivalis_W83,0.051678923733424045
DH,12.200000000000001,S. oralis,0.08122282652889799
DH,12.200000000000001,A. naeslundii,0.34262045828914084
DH,12.200000000000001,V. parvula,0.33594005449563336
DH,12.200000000000001,F. nucleatum,0.18825971872839192
DH,12.200000000000001,P. gingivalis_W83,0.05195694195793596
DH,12.25,S. oralis,0.08070658638849262
DH,12.25,A. naeslundii,0.34317929178213696
DH,12.25,V. parvula,0.33491585238723276
DH,12.25,F. nucleatum,0.18896149904543771
DH,12.25,P. gingivalis_W83,0.05223677039669982
DH,12.3,S. oralis,0.08019032056282141
DH,12.3,A. naeslundii,0.343730657133811
DH,12.3,V. parvula,0.3339009354754835
DH,12.3,F. nucleatum,0.18965966297847595
DH,12.3,P. gingivalis_W83,0.05251842384940826
DH,12.350000000000001,S. oralis,0.07967408787150987
DH,12.350000000000001,A. naeslundii,0.344274642448274
DH,12.350000000000001,V. parvula,0.3328951406651341
DH,12.350000000000001,F. nucleatum,0.19035421187411858
DH,12.350000000000001,P. gingivalis_W83,0.052801917140963384
DH,12.4,S. oralis,0.0791579468424034
DH,12.4,A. naeslundii,0.3448113352925567
DH,12.4,V. parvula,0.33189830568134615
DH,12.4,F. nucleatum,0.19104514708105583
DH,12.4,P. gingivalis_W83,0.053087265102638045
DH,12.450000000000001,S. oralis,0.07864195547837474
DH,12.450000000000001,A. naeslundii,0.34534082224404
DH,12.450000000000001,V. parvula,0.3309102697715915
DH,12.450000000000001,F. nucleatum,0.19173246993469278
DH,12.450000000000001,P. gingivalis_W83,0.05337448257130104
DH,12.5,S. oralis,0.07812616997939122
DH,12.5,A. naeslundii,0.345863186570836
DH,12.5,V. parvula,0.3299308772324441
DH,12.5,F. nucleatum,0.19241618178854342
DH,12.5,P. gingivalis_W83,0.053663584428785424
DH,12.55,S. oralis,0.07761064599538466
DH,12.55,A. naeslundii,0.3463785105374729
DH,12.55,V. parvula,0.32895997388762765
DH,12.55,F. nucleatum,0.1930962840069584
DH,12.55,P. gingivalis_W83,0.05395458557255648
DH,12.600000000000001,S. oralis,0.07709543867720578
DH,12.600000000000001,A. naeslundii,0.34688687549057545
DH,12.600000000000001,V. parvula,0.3279974069538666
DH,12.600000000000001,F. nucleatum,0.19377277796322773
DH,12.600000000000001,P. gingivalis_W83,0.0542475009151245
DH,12.65,S. oralis,0.07658060210784487
DH,12.65,A. naeslundii,0.3473883608219837
DH,12.65,V. parvula,0.3270430266161487
DH,12.65,F. nucleatum,0.19444566505076286
DH,12.65,P. gingivalis_W83,0.05454234540325976
DH,12.700000000000001,S. oralis,0.07606618901133494
DH,12.700000000000001,A. naeslundii,0.347883043477212
DH,12.700000000000001,V. parvula,0.32609668675640185
DH,12.700000000000001,F. nucleatum,0.19511494671741947
DH,12.700000000000001,P. gingivalis_W83,0.05483913403763183
DH,12.75,S. oralis,0.07555225182316751
DH,12.75,A. naeslundii,0.34837099988598863
DH,12.75,V. parvula,0.3251582420315757
DH,12.75,F. nucleatum,0.1957806244266568
DH,12.75,P. gingivalis_W83,0.05513788183261145
DH,12.8,S. oralis,0.07503884236822471
DH,12.8,A. naeslundii,0.3488523053587673
DH,12.8,V. parvula,0.32422754879047244
DH,12.8,F. nucleatum,0.1964426996572344
DH,12.8,P. gingivalis_W83,0.05543860382530118
DH,12.850000000000001,S. oralis,0.07452601076684687
DH,12.850000000000001,A. naeslundii,0.34932703218687194
DH,12.850000000000001,V. parvula,0.32330446791687617
DH,12.850000000000001,F. nucleatum,0.19710117398981666
DH,12.850000000000001,P. gingivalis_W83,0.055741315139588236
DH,12.9,S. oralis,0.07401380676401065
DH,12.9,A. naeslundii,0.3497952520032979
DH,12.9,V. parvula,0.3223888612803239
DH,12.9,F. nucleatum,0.19775604903200192
DH,12.9,P. gingivalis_W83,0.056046030920365794
DH,12.950000000000001,S. oralis,0.07350227970335628
DH,12.950000000000001,A. naeslundii,0.35025703571803957
DH,12.950000000000001,V. parvula,0.32148059183456695
DH,12.950000000000001,F. nucleatum,0.19840732641173692
DH,12.950000000000001,P. gingivalis_W83,0.05635276633230028
DH,13.0,S. oralis,0.0729914775261846
DH,13.0,A. naeslundii,0.3507124517920852
DH,13.0,V. parvula,0.3205795261946867
DH,13.0,F. nucleatum,0.19905500786228628
DH,13.0,P. gingivalis_W83,0.056661536624757224
DH,13.05,S. oralis,0.07248144729822849
DH,13.05,A. naeslundii,0.35116156717685837
DH,13.05,V. parvula,0.31968553322682
DH,13.05,F. nucleatum,0.19969909519400625
DH,13.05,P. gingivalis_W83,0.056972357104086935
DH,13.100000000000001,S. oralis,0.07197223570867686
DH,13.100000000000001,A. naeslundii,0.3516044481786282
DH,13.100000000000001,V. parvula,0.31879848275513767
DH,13.100000000000001,F. nucleatum,0.20033959025409107
DH,13.100000000000001,P. gingivalis_W83,0.05728524310346643
DH,13.15,S. oralis,0.07146388875466256
DH,13.15,A. naeslundii,0.3520411598952939
DH,13.15,V. parvula,0.3179182464056388
DH,13.15,F. nucleatum,0.20097649494368558
DH,13.15,P. gingivalis_W83,0.05760021000071921
DH,13.200000000000001,S. oralis,0.07095645089575438
DH,13.200000000000001,A. naeslundii,0.3524717648360768
DH,13.200000000000001,V. parvula,0.3170446996453801
DH,13.200000000000001,F. nucleatum,0.20160981133087655
DH,13.200000000000001,P. gingivalis_W83,0.057917273291912194
DH,13.25,S. oralis,0.07044996632119443
DH,13.25,A. naeslundii,0.35289632506161067
DH,13.25,V. parvula,0.3161777186045016
DH,13.25,F. nucleatum,0.20223954151689666
DH,13.25,P. gingivalis_W83,0.05823644849579667
DH,13.3,S. oralis,0.06994447880271529
DH,13.3,A. naeslundii,0.353314901911745
DH,13.3,V. parvula,0.31531718048249185
DH,13.3,F. nucleatum,0.2028656876417446
DH,13.3,P. gingivalis_W83,0.05855775116130315
DH,13.350000000000001,S. oralis,0.06944003058984487
DH,13.350000000000001,A. naeslundii,0.3537275542180177
DH,13.350000000000001,V. parvula,0.31446296618595376
DH,13.350000000000001,F. nucleatum,0.20348825203588675
DH,13.350000000000001,P. gingivalis_W83,0.05888119697029682
DH,13.4,S. oralis,0.06893666339687145
DH,13.4,A. naeslundii,0.3541343399390777
DH,13.4,V. parvula,0.3136149579093245
DH,13.4,F. nucleatum,0.2041072371015314
DH,13.4,P. gingivalis_W83,0.0592068016531951
DH,13.450000000000001,S. oralis,0.06843441844959279
DH,13.450000000000001,A. naeslundii,0.35453531624023427
DH,13.450000000000001,V. parvula,0.31277303901389236
DH,13.450000000000001,F. nucleatum,0.20472264530926274
DH,13.450000000000001,P. gingivalis_W83,0.059534580987017915
DH,13.5,S. oralis,0.06793333623571818
DH,13.5,A. naeslundii,0.3549305390765382
DH,13.5,V. parvula,0.31193709464664665
DH,13.5,F. nucleatum,0.20533447922435394
DH,13.5,P. gingivalis_W83,0.05986455081674312
DH,13.55,S. oralis,0.06743345589937233
DH,13.55,A. naeslundii,0.35532006227418056
DH,13.55,V. parvula,0.31110701308245103
DH,13.55,F. nucleatum,0.20594274161839776
DH,13.55,P. gingivalis_W83,0.06019672712559822
DH,13.600000000000001,S. oralis,0.0669348163609379
DH,13.600000000000001,A. naeslundii,0.3557039393110966
DH,13.600000000000001,V. parvula,0.31028268310567614
DH,13.600000000000001,F. nucleatum,0.20654743530051645
DH,13.600000000000001,P. gingivalis_W83,0.060531125921772885
DH,13.65,S. oralis,0.06643745605061535
DH,13.65,A. naeslundii,0.356082222870964
DH,13.65,V. parvula,0.30946399466810315
DH,13.65,F. nucleatum,0.2071485631484058
DH,13.65,P. gingivalis_W83,0.06086776326191165
DH,13.700000000000001,S. oralis,0.0659414119012852
DH,13.700000000000001,A. naeslundii,0.35645496332769205
DH,13.700000000000001,V. parvula,0.308650841104046
DH,13.700000000000001,F. nucleatum,0.20774612829344594
DH,13.700000000000001,P. gingivalis_W83,0.061206655373530754
DH,13.75,S. oralis,0.06544672047704564
DH,13.75,A. naeslundii,0.35682221049388657
DH,13.75,V. parvula,0.30784311656807134
DH,13.75,F. nucleatum,0.2083401339330128
DH,13.75,P. gingivalis_W83,0.06154781852798367
DH,13.8,S. oralis,0.06495341798192135
DH,13.8,A. naeslundii,0.35718401362162194
DH,13.8,V. parvula,0.3070407160336968
DH,13.8,F. nucleatum,0.208930583325029
DH,13.8,P. gingivalis_W83,0.06189126903773087
DH,13.850000000000001,S. oralis,0.06446153949646148
DH,13.850000000000001,A. naeslundii,0.35754042026451965
DH,13.850000000000001,V. parvula,0.3062435369554698
DH,13.850000000000001,F. nucleatum,0.20951747992995023
DH,13.850000000000001,P. gingivalis_W83,0.06223702335359903
DH,13.9,S. oralis,0.06397111921219734
DH,13.9,A. naeslundii,0.3578914766581935
DH,13.9,V. parvula,0.3054514787088121
DH,13.9,F. nucleatum,0.21010082737953387
DH,13.9,P. gingivalis_W83,0.06258509804126332
DH,13.950000000000001,S. oralis,0.06348219102620202
DH,13.950000000000001,A. naeslundii,0.35823722860735846
DH,13.950000000000001,V. parvula,0.3046644412949809
DH,13.950000000000001,F. nucleatum,0.21068062936499682
DH,13.950000000000001,P. gingivalis_W83,0.06293550970646195
DH,14.0,S. oralis,0.0629947882631746
DH,14.0,A. naeslundii,0.35857772105519375
DH,14.0,V. parvula,0.30388232597157827
DH,14.0,F. nucleatum,0.21125688968243617
DH,14.0,P. gingivalis_W83,0.06328827502761712
DH,14.05,S. oralis,0.06250894286478159
DH,14.05,A. naeslundii,0.3589129969559899
DH,14.05,V. parvula,0.30310503688593415
DH,14.05,F. nucleatum,0.21182961241456683
DH,14.05,P. gingivalis_W83,0.06364341087872766
DH,14.100000000000001,S. oralis,0.06202468651214235
DH,14.100000000000001,A. naeslundii,0.3592430988957519
DH,14.100000000000001,V. parvula,0.30233247871894264
DH,14.100000000000001,F. nucleatum,0.21239880170075287
DH,14.100000000000001,P. gingivalis_W83,0.06400093417241015
DH,14.15,S. oralis,0.06154205053894269
DH,14.15,A. naeslundii,0.35956806894884236
DH,14.15,V. parvula,0.3015645568946054
DH,14.15,F. nucleatum,0.2129644617490772
DH,14.15,P. gingivalis_W83,0.06436086186853249
DH,14.200000000000001,S. oralis,0.06106106498457686
DH,14.200000000000001,A. naeslundii,0.3598879473748261
DH,14.200000000000001,V. parvula,0.3008011794668794
DH,14.200000000000001,F. nucleatum,0.21352659704981244
DH,14.200000000000001,P. gingivalis_W83,0.06472321112390511
DH,14.25,S. oralis,0.06058175933098598
DH,14.25,A. naeslundii,0.36020277366210446
DH,14.25,V. parvula,0.3000422556053153
DH,14.25,F. nucleatum,0.21408521221903076
DH,14.25,P. gingivalis_W83,0.06508799918256365
DH,14.3,S. oralis,0.06010416267291172
DH,14.3,A. naeslundii,0.3605125867679697
DH,14.3,V. parvula,0.2992876952456269
DH,14.3,F. nucleatum,0.2146403119622892
DH,14.3,P. gingivalis_W83,0.06545524335120247
DH,14.350000000000001,S. oralis,0.05962830348035878
DH,14.350000000000001,A. naeslundii,0.3608174247785956
DH,14.350000000000001,V. parvula,0.29853740958484476
DH,14.350000000000001,F. nucleatum,0.21519190112202785
DH,14.350000000000001,P. gingivalis_W83,0.06582496103417305
DH,14.4,S. oralis,0.059154208997598184
DH,14.4,A. naeslundii,0.3611173241377857
DH,14.4,V. parvula,0.29779131218827304
DH,14.4,F. nucleatum,0.21573998483238763
DH,14.4,P. gingivalis_W83,0.06619716984395543
DH,14.450000000000001,S. oralis,0.058681906266738276
DH,14.450000000000001,A. naeslundii,0.3614123210237687
DH,14.450000000000001,V. parvula,0.2970493170027173
DH,14.450000000000001,F. nucleatum,0.21628456827758546
DH,14.450000000000001,P. gingivalis_W83,0.06657188742919024
DH,14.5,S. oralis,0.05821142193144644
DH,14.5,A. naeslundii,0.3617024510682706
DH,14.5,V. parvula,0.29631133876375665
DH,14.5,F. nucleatum,0.2168256567328511
DH,14.5,P. gingivalis_W83,0.06694913150367522
DH,14.55,S. oralis,0.05774278132395269
DH,14.55,A. naeslundii,0.361987748192876
DH,14.55,V. parvula,0.2955772946660543
DH,14.55,F. nucleatum,0.21736325579715407
DH,14.55,P. gingivalis_W83,0.06732892001996293
DH,14.600000000000001,S. oralis,0.05727600941199366
DH,14.600000000000001,A. naeslundii,0.3622682458500227
DH,14.600000000000001,V. parvula,0.29484710257747904
DH,14.600000000000001,F. nucleatum,0.2178973711617405
DH,14.600000000000001,P. gingivalis_W83,0.06771127099876421
DH,14.65,S. oralis,0.056811130825644665
DH,14.65,A. naeslundii,0.3625439770528313
DH,14.65,V. parvula,0.29412068099584787
DH,14.65,F. nucleatum,0.2184280086025147
DH,14.65,P. gingivalis_W83,0.06809620252316152
DH,14.700000000000001,S. oralis,0.05634816932383464
DH,14.700000000000001,A. naeslundii,0.36281497369786947
DH,14.700000000000001,V. parvula,0.29339795002133856
DH,14.700000000000001,F. nucleatum,0.21895517411425178
DH,14.700000000000001,P. gingivalis_W83,0.06848373284270548
DH,14.75,S. oralis,0.05588714777100904
DH,14.75,A. naeslundii,0.3630812665617372
DH,14.75,V. parvula,0.29267883135619066
DH,14.75,F. nucleatum,0.21947887392531032
DH,14.75,P. gingivalis_W83,0.06887388038575286
DH,14.8,S. oralis,0.055428088802483594
DH,14.8,A. naeslundii,0.36334288613853116
DH,14.8,V. parvula,0.2919632471051787
DH,14.8,F. nucleatum,0.21999911432538066
DH,14.8,P. gingivalis_W83,0.06926666362842586
DH,14.850000000000001,S. oralis,0.05497101458487746
DH,14.850000000000001,A. naeslundii,0.3635998623256961
DH,14.850000000000001,V. parvula,0.29125112022791066
DH,14.850000000000001,F. nucleatum,0.2205159017231129
DH,14.850000000000001,P. gingivalis_W83,0.0696621011384029
DH,14.9,S. oralis,0.054515946057180686
DH,14.9,A. naeslundii,0.3638522235253396
DH,14.9,V. parvula,0.2905423758153897
DH,14.9,F. nucleatum,0.2210292428558528
DH,14.9,P. gingivalis_W83,0.07006021174623717
DH,14.950000000000001,S. oralis,0.054062903906775164
DH,14.950000000000001,A. naeslundii,0.36409999783770186
DH,14.950000000000001,V. parvula,0.2898369393875074
DH,14.950000000000001,F. nucleatum,0.22153914452979706
DH,14.950000000000001,P. gingivalis_W83,0.07046101433821861
DH,15.0,S. oralis,0.053611908526698275
DH,15.0,A. naeslundii,0.3643432129985388
DH,15.0,V. parvula,0.28913473698380715
DH,15.0,F. nucleatum,0.222045613629121
DH,15.0,P. gingivalis_W83,0.07086452786183489
DH,15.05,S. oralis,0.053162979240556366
DH,15.05,A. naeslundii,0.3645818954682404
DH,15.05,V. parvula,0.2884356964557589
DH,15.05,F. nucleatum,0.2225486573285334
DH,15.05,P. gingivalis_W83,0.07127077150691086
DH,15.100000000000001,S. oralis,0.0527161348039737
DH,15.100000000000001,A. naeslundii,0.3648160710394275
DH,15.100000000000001,V. parvula,0.28773974660096047
DH,15.100000000000001,F. nucleatum,0.22304828296010462
DH,15.100000000000001,P. gingivalis_W83,0.07167976459553389
DH,15.15,S. oralis,0.05227139367437479
DH,15.15,A. naeslundii,0.3650457651573776
DH,15.15,V. parvula,0.2870468167074269
DH,15.15,F. nucleatum,0.2235444979395467
DH,15.15,P. gingivalis_W83,0.07209152652127412
DH,15.200000000000001,S. oralis,0.05182877378806681
DH,15.200000000000001,A. naeslundii,0.36527100264847734
DH,15.200000000000001,V. parvula,0.2863568369416416
DH,15.200000000000001,F. nucleatum,0.22403730982381675
DH,15.200000000000001,P. gingivalis_W83,0.07250607679799737
DH,15.25,S. oralis,0.051388291992230835
DH,15.25,A. naeslundii,0.3654918070915013
DH,15.25,V. parvula,0.28566973922910555
DH,15.25,F. nucleatum,0.22452672647591523
DH,15.25,P. gingivalis_W83,0.07292343521124715
DH,15.3,S. oralis,0.05094996494976151
DH,15.3,A. naeslundii,0.3657082018574969
DH,15.3,V. parvula,0.28498545578674883
DH,15.3,F. nucleatum,0.2250127558114996
DH,15.3,P. gingivalis_W83,0.07334362159449306
DH,15.350000000000001,S. oralis,0.050513809004136656
DH,15.350000000000001,A. naeslundii,0.3659202099443681
DH,15.350000000000001,V. parvula,0.2843039193590696
DH,15.350000000000001,F. nucleatum,0.22549540583464736
DH,15.350000000000001,P. gingivalis_W83,0.07376665585777825
DH,15.4,S. oralis,0.05007983938797973
DH,15.4,A. naeslundii,0.366127853103044
DH,15.4,V. parvula,0.28362506444045626
DH,15.4,F. nucleatum,0.22597468486324573
DH,15.4,P. gingivalis_W83,0.07419255820527418
DH,15.450000000000001,S. oralis,0.0496480709822293
DH,15.450000000000001,A. naeslundii,0.36633115269380484
DH,15.450000000000001,V. parvula,0.28294882607187943
DH,15.450000000000001,F. nucleatum,0.22645060131574848
DH,15.450000000000001,P. gingivalis_W83,0.07462134893633808
DH,15.5,S. oralis,0.04921851834834852
DH,15.5,A. naeslundii,0.3665301297219861
DH,15.5,V. parvula,0.2822751397900946
DH,15.5,F. nucleatum,0.2269231637022174
DH,15.5,P. gingivalis_W83,0.07505304843735346
DH,15.55,S. oralis,0.0487911954206329
DH,15.55,A. naeslundii,0.3667248044947222
DH,15.55,V. parvula,0.28160394210938094
DH,15.55,F. nucleatum,0.22739238070880594
DH,15.55,P. gingivalis_W83,0.07548767726645793
DH,15.600000000000001,S. oralis,0.048366115264494886
DH,15.600000000000001,A. naeslundii,0.3669151963743912
DH,15.600000000000001,V. parvula,0.28093517085729813
DH,15.600000000000001,F. nucleatum,0.22785826127100842
DH,15.600000000000001,P. gingivalis_W83,0.07592525623280749
DH,15.65,S. oralis,0.047943290741459754
DH,15.65,A. naeslundii,0.36710132450491173
DH,15.65,V. parvula,0.28026876416343055
DH,15.65,F. nucleatum,0.22832081438270085
DH,15.65,P. gingivalis_W83,0.07636580620749711
DH,15.700000000000001,S. oralis,0.04752273446244107
DH,15.700000000000001,A. naeslundii,0.36728320774796086
DH,15.700000000000001,V. parvula,0.2796046605538826
DH,15.700000000000001,F. nucleatum,0.22878004910799077
DH,15.700000000000001,P. gingivalis_W83,0.07680934812772468
DH,15.75,S. oralis,0.04710445785755422
DH,15.75,A. naeslundii,0.36746086370468056
DH,15.75,V. parvula,0.27894280029453444
DH,15.75,F. nucleatum,0.22923597484823385
DH,15.75,P. gingivalis_W83,0.0772559032949969
DH,15.8,S. oralis,0.04668847213660164
DH,15.8,A. naeslundii,0.36763430974236566
DH,15.8,V. parvula,0.27828312397343774
DH,15.8,F. nucleatum,0.22968860106792738
DH,15.8,P. gingivalis_W83,0.0777054930796677
DH,15.850000000000001,S. oralis,0.046274788163770515
DH,15.850000000000001,A. naeslundii,0.3678035628633854
DH,15.850000000000001,V. parvula,0.27762557267957944
DH,15.850000000000001,F. nucleatum,0.23013793732981308
DH,15.850000000000001,P. gingivalis_W83,0.07815813896345156
DH,15.9,S. oralis,0.045863416413366574
DH,15.9,A. naeslundii,0.3679686396488236
DH,15.9,V. parvula,0.27697008808562723
DH,15.9,F. nucleatum,0.2305839933065037
DH,15.9,P. gingivalis_W83,0.07861386254567886
DH,15.950000000000001,S. oralis,0.04545436628708274
DH,15.950000000000001,A. naeslundii,0.3681295555614132
DH,15.950000000000001,V. parvula,0.27631661339008445
DH,15.950000000000001,F. nucleatum,0.2310267789747275
DH,15.950000000000001,P. gingivalis_W83,0.07907268578669205
DH,16.0,S. oralis,0.045047647080416614
DH,16.0,A. naeslundii,0.36828632595446315
DH,16.0,V. parvula,0.27566509193954
DH,16.0,F. nucleatum,0.23146630434102747
DH,16.0,P. gingivalis_W83,0.07953463068455291
DH,16.05,S. oralis,0.04464326784246407
DH,16.05,A. naeslundii,0.3684389659209999
DH,16.05,V. parvula,0.275015467437931
DH,16.05,F. nucleatum,0.2319025794814993
DH,16.05,P. gingivalis_W83,0.07999971931710592
DH,16.1,S. oralis,0.04424123682143535
DH,16.1,A. naeslundii,0.36858748972363437
DH,16.1,V. parvula,0.2743676847156169
DH,16.1,F. nucleatum,0.23233561469549896
DH,16.1,P. gingivalis_W83,0.08046797404381457
DH,16.15,S. oralis,0.04384156162925897
DH,16.15,A. naeslundii,0.3687319109728248
DH,16.15,V. parvula,0.27372168948174347
DH,16.15,F. nucleatum,0.232765420459617
DH,16.15,P. gingivalis_W83,0.08093941745655586
DH,16.200000000000003,S. oralis,0.043444249725623635
DH,16.200000000000003,A. naeslundii,0.36887224312421496
DH,16.200000000000003,V. parvula,0.27307742765212506
DH,16.200000000000003,F. nucleatum,0.23319200729201756
DH,16.200000000000003,P. gingivalis_W83,0.08141407220601875
DH,16.25,S. oralis,0.04304930832568828
DH,16.25,A. naeslundii,0.36900849937729324
DH,16.25,V. parvula,0.2724348454928606
DH,16.25,F. nucleatum,0.23361538577920177
DH,16.25,P. gingivalis_W83,0.08189196102495604
DH,16.3,S. oralis,0.04265674364956778
DH,16.3,A. naeslundii,0.36914069191906346
DH,16.3,V. parvula,0.2717938906205709
DH,16.3,F. nucleatum,0.23403556677767168
DH,16.3,P. gingivalis_W83,0.08237310703312616
DH,16.35,S. oralis,0.04226656163145574
DH,16.35,A. naeslundii,0.3692688326470761
DH,16.35,V. parvula,0.2711545110364884
DH,16.35,F. nucleatum,0.23445256122137823
DH,16.35,P. gingivalis_W83,0.08285753346360149
DH,16.4,S. oralis,0.04187876796269785
DH,16.4,A. naeslundii,0.36939293321335465
DH,16.4,V. parvula,0.27051665506600653
DH,16.4,F. nucleatum,0.23486638010865862
DH,16.4,P. gingivalis_W83,0.08334526364928231
DH,16.450000000000003,S. oralis,0.041493368020508896
DH,16.450000000000003,A. naeslundii,0.3695130049470324
DH,16.450000000000003,V. parvula,0.26988027146860977
DH,16.450000000000003,F. nucleatum,0.23527703452286883
DH,16.450000000000003,P. gingivalis_W83,0.08383632104098011
DH,16.5,S. oralis,0.041110366225119585
DH,16.5,A. naeslundii,0.3696290582133827
DH,16.5,V. parvula,0.269245310267371
DH,16.5,F. nucleatum,0.23568453579686152
DH,16.5,P. gingivalis_W83,0.08433072949726518
DH,16.55,S. oralis,0.04072976688381684
DH,16.55,A. naeslundii,0.3697411032642369
DH,16.55,V. parvula,0.2686117216331487
DH,16.55,F. nucleatum,0.23608889529253588
DH,16.55,P. gingivalis_W83,0.08482851292626166
DH,16.6,S. oralis,0.04035157404573433
DH,16.6,A. naeslundii,0.36984915009072983
DH,16.6,V. parvula,0.2679794560784462
DH,16.6,F. nucleatum,0.236490124438387
DH,16.6,P. gingivalis_W83,0.08532969534670269
DH,16.65,S. oralis,0.03997579124466188
DH,16.65,A. naeslundii,0.3699532081627764
DH,16.65,V. parvula,0.26734846479659075
DH,16.65,F. nucleatum,0.23688823479356233
DH,16.65,P. gingivalis_W83,0.08583430100240871
DH,16.700000000000003,S. oralis,0.039602421304919706
DH,16.700000000000003,A. naeslundii,0.3700532862382025
DH,16.700000000000003,V. parvula,0.26671869989753433
DH,16.700000000000003,F. nucleatum,0.23728323809252305
DH,16.700000000000003,P. gingivalis_W83,0.08634235446682044
DH,16.75,S. oralis,0.0392314669503749
DH,16.75,A. naeslundii,0.3701493929738131
DH,16.75,V. parvula,0.2660901136192897
DH,16.75,F. nucleatum,0.23767514609323384
DH,16.75,P. gingivalis_W83,0.08685388036328844
DH,16.8,S. oralis,0.03886293071111592
DH,16.8,A. naeslundii,0.3702415368304304
DH,16.8,V. parvula,0.2654626584572634
DH,16.8,F. nucleatum,0.2380639706032452
DH,16.8,P. gingivalis_W83,0.08736890339794513
DH,16.85,S. oralis,0.038496814323348144
DH,16.85,A. naeslundii,0.3703297254683292
DH,16.85,V. parvula,0.2648362879245132
DH,16.85,F. nucleatum,0.23844972361556352
DH,16.85,P. gingivalis_W83,0.08788744866824595
DH,16.9,S. oralis,0.0381331191797365
DH,16.9,A. naeslundii,0.37041396620207495
DH,16.9,V. parvula,0.2642109559704173
DH,16.9,F. nucleatum,0.23883241720224693
DH,16.9,P. gingivalis_W83,0.08840954144552422
DH,16.950000000000003,S. oralis,0.03777184650694649
DH,16.950000000000003,A. naeslundii,0.37049426617820563
DH,16.950000000000003,V. parvula,0.2635866167541216
DH,16.950000000000003,F. nucleatum,0.23921206347158666
DH,16.950000000000003,P. gingivalis_W83,0.08893520708913971
DH,17.0,S. oralis,0.03741299729300792
DH,17.0,A. naeslundii,0.3705706323017956
DH,17.0,V. parvula,0.2629632247457851
DH,17.0,F. nucleatum,0.2395886745887652
DH,17.0,P. gingivalis_W83,0.08946447107064616
DH,17.05,S. oralis,0.03705657170788784
DH,17.05,A. naeslundii,0.3706430706472229
DH,17.05,V. parvula,0.26234073544609254
DH,17.05,F. nucleatum,0.2399622628919877
DH,17.05,P. gingivalis_W83,0.08999735930680898
DH,17.1,S. oralis,0.036702569794634286
DH,17.1,A. naeslundii,0.3707115871600753
DH,17.1,V. parvula,0.26171910451485336
DH,17.1,F. nucleatum,0.2403328407460614
DH,17.1,P. gingivalis_W83,0.09053389778437579
DH,17.150000000000002,S. oralis,0.03635099133750337
DH,17.150000000000002,A. naeslundii,0.37077618752127073
DH,17.150000000000002,V. parvula,0.2610982879367832
DH,17.150000000000002,F. nucleatum,0.24070042056740493
DH,17.150000000000002,P. gingivalis_W83,0.0910741126370377
DH,17.2,S. oralis,0.036001835842495895
DH,17.2,A. naeslundii,0.37083687712748375
DH,17.2,V. parvula,0.26047824205236786
DH,17.2,F. nucleatum,0.24106501483110654
DH,17.2,P. gingivalis_W83,0.09161803014654586
DH,17.25,S. oralis,0.03565510209189845
DH,17.25,A. naeslundii,0.3708936606301403
DH,17.25,V. parvula,0.25985892410389366
DH,17.25,F. nucleatum,0.24142663614665644
DH,17.25,P. gingivalis_W83,0.09216567702741113
DH,17.3,S. oralis,0.03531078880125439
DH,17.3,A. naeslundii,0.3709465426108731
DH,17.3,V. parvula,0.25924029141644644
DH,17.3,F. nucleatum,0.2417852971344201
DH,17.3,P. gingivalis_W83,0.092717080037006
DH,17.35,S. oralis,0.034968894521894354
DH,17.35,A. naeslundii,0.3709955274829318
DH,17.35,V. parvula,0.25862230152269017
DH,17.35,F. nucleatum,0.2421410104472651
DH,17.35,P. gingivalis_W83,0.0932722660252186
DH,17.400000000000002,S. oralis,0.03462941722562011
DH,17.400000000000002,A. naeslundii,0.3710406190531704
DH,17.400000000000002,V. parvula,0.2580049126798506
DH,17.400000000000002,F. nucleatum,0.24249378883405098
DH,17.400000000000002,P. gingivalis_W83,0.09383126220730797
DH,17.45,S. oralis,0.03429235450019622
DH,17.45,A. naeslundii,0.3710818207247022
DH,17.45,V. parvula,0.2573880836215835
DH,17.45,F. nucleatum,0.24284364510341727
DH,17.45,P. gingivalis_W83,0.09439409605010082
DH,17.5,S. oralis,0.03395770382417172
DH,17.5,A. naeslundii,0.3711191357837249
DH,17.5,V. parvula,0.2567717732172738
DH,17.5,F. nucleatum,0.24319059207849256
DH,17.5,P. gingivalis_W83,0.09496079509633712
DH,17.55,S. oralis,0.03362546250179725
DH,17.55,A. naeslundii,0.37115256733530966
DH,17.55,V. parvula,0.2561559405565336
DH,17.55,F. nucleatum,0.24353464261343044
DH,17.55,P. gingivalis_W83,0.09553138699292908
DH,17.6,S. oralis,0.0332956271755504
DH,17.6,A. naeslundii,0.37118211777181004
DH,17.6,V. parvula,0.25554054555394656
DH,17.6,F. nucleatum,0.24387580964571243
DH,17.6,P. gingivalis_W83,0.09610589985298061
DH,17.650000000000002,S. oralis,0.03296819432574664
DH,17.650000000000002,A. naeslundii,0.3712077893103764
DH,17.650000000000002,V. parvula,0.25492554832548786
DH,17.650000000000002,F. nucleatum,0.24421410613230582
DH,17.650000000000002,P. gingivalis_W83,0.09668436190608348
DH,17.7,S. oralis,0.03264316026284047
DH,17.7,A. naeslundii,0.37122958398161127
DH,17.7,V. parvula,0.25431090919953697
DH,17.7,F. nucleatum,0.24454954504741683
DH,17.7,P. gingivalis_W83,0.09726680150859451
DH,17.75,S. oralis,0.03232052108252219
DH,17.75,A. naeslundii,0.3712475035851836
DH,17.75,V. parvula,0.253696588775743
DH,17.75,F. nucleatum,0.24488213939366416
DH,17.75,P. gingivalis_W83,0.09785324716288689
DH,17.8,S. oralis,0.03200027227466423
DH,17.8,A. naeslundii,0.3712615492446291
DH,17.8,V. parvula,0.25308254841312405
DH,17.8,F. nucleatum,0.24521190222288436
DH,17.8,P. gingivalis_W83,0.09844372784469832
DH,17.85,S. oralis,0.031682409263289996
DH,17.85,A. naeslundii,0.37127172200875935
DH,17.85,V. parvula,0.252468749553498
DH,17.85,F. nucleatum,0.24553884659090724
DH,17.85,P. gingivalis_W83,0.09903827258354546
DH,17.900000000000002,S. oralis,0.03136692732025012
DH,17.900000000000002,A. naeslundii,0.37127802275655925
DH,17.900000000000002,V. parvula,0.25185515383067264
DH,17.900000000000002,F. nucleatum,0.245862985566227
DH,17.900000000000002,P. gingivalis_W83,0.09963691052629109
DH,17.95,S. oralis,0.031053821347117525
DH,17.95,A. naeslundii,0.3712804519443028
DH,17.95,V. parvula,0.25124172334955613
DH,17.95,F. nucleatum,0.2461843322382995
DH,17.95,P. gingivalis_W83,0.10023967112072409
DH,18.0,S. oralis,0.030743085843256742
DH,18.0,A. naeslundii,0.37127900956014875
DH,18.0,V. parvula,0.2506284207259582
DH,18.0,F. nucleatum,0.2465028997088621
DH,18.0,P. gingivalis_W83,0.10084658416177425
DH,18.05,S. oralis,0.030434715240325226
DH,18.05,A. naeslundii,0.3712736955105334
DH,18.05,V. parvula,0.2500152086630642
DH,18.05,F. nucleatum,0.24681870107875525
DH,18.05,P. gingivalis_W83,0.10145767950732199
DH,18.1,S. oralis,0.030128703843792633
DH,18.1,A. naeslundii,0.37126450955962054
DH,18.1,V. parvula,0.24940205002481808
DH,18.1,F. nucleatum,0.24713174945791394
DH,18.1,P. gingivalis_W83,0.10207298711385485
DH,18.150000000000002,S. oralis,0.029825045460477907
DH,18.150000000000002,A. naeslundii,0.37125145086816363
DH,18.150000000000002,V. parvula,0.2487889083221844
DH,18.150000000000002,F. nucleatum,0.24744205794877353
DH,18.150000000000002,P. gingivalis_W83,0.10269253740040041
DH,18.2,S. oralis,0.029523733712941952
DH,18.2,A. naeslundii,0.371234518371627
DH,18.2,V. parvula,0.24817574730525288
DH,18.2,F. nucleatum,0.24774963964840382
DH,18.2,P. gingivalis_W83,0.10331636096177438
DH,18.25,S. oralis,0.02922476206763828
DH,18.25,A. naeslundii,0.37121371080669324
DH,18.25,V. parvula,0.2475625309309848
DH,18.25,F. nucleatum,0.24805450764150888
DH,18.25,P. gingivalis_W83,0.10394448855317485
DH,18.3,S. oralis,0.028928124013235315
DH,18.3,A. naeslundii,0.371189026956452
DH,18.3,V. parvula,0.24694922312110548
DH,18.3,F. nucleatum,0.24835667503327374
DH,18.3,P. gingivalis_W83,0.10457695087593352
DH,18.35,S. oralis,0.02863381238041065
DH,18.35,A. naeslundii,0.3711604647531439
DH,18.35,V. parvula,0.24633578867925707
DH,18.35,F. nucleatum,0.248656154864509
DH,18.35,P. gingivalis_W83,0.10521377932267943
DH,18.400000000000002,S. oralis,0.02834181989679442
DH,18.400000000000002,A. naeslundii,0.37112802199516665
DH,18.400000000000002,V. parvula,0.2457221925470578
DH,18.400000000000002,F. nucleatum,0.2489529601652656
DH,18.400000000000002,P. gingivalis_W83,0.1058550053957156
DH,18.45,S. oralis,0.0280521392255627
DH,18.45,A. naeslundii,0.3710916963911629
DH,18.45,V. parvula,0.2451083997563005
DH,18.45,F. nucleatum,0.2492471039530092
DH,18.45,P. gingivalis_W83,0.10650066067396471
DH,18.5,S. oralis,0.027764762928930525
DH,18.5,A. naeslundii,0.37105148552876355
DH,18.5,V. parvula,0.24449437547020889
DH,18.5,F. nucleatum,0.24953859924495997
DH,18.5,P. gingivalis_W83,0.10715077682713713
DH,18.55,S. oralis,0.027479683216579908
DH,18.55,A. naeslundii,0.37100738651422577
DH,18.55,V. parvula,0.24388008534407468
DH,18.55,F. nucleatum,0.24982745899972772
DH,18.55,P. gingivalis_W83,0.10780538592539197
DH,18.6,S. oralis,0.02719689195490429
DH,18.6,A. naeslundii,0.37095939597037214
DH,18.6,V. parvula,0.2432654955173311
DH,18.6,F. nucleatum,0.25011369610376577
DH,18.6,P. gingivalis_W83,0.1084645204536267
DH,18.650000000000002,S. oralis,0.026916381010297107
DH,18.650000000000002,A. naeslundii,0.3709075105200254
DH,18.650000000000002,V. parvula,0.2426505721294113
DH,18.650000000000002,F. nucleatum,0.2503973234435275
DH,18.650000000000002,P. gingivalis_W83,0.1091282128967388
DH,18.7,S. oralis,0.026638142085459095
DH,18.7,A. naeslundii,0.3708517265434916
DH,18.7,V. parvula,0.24203528155976015
DH,18.7,F. nucleatum,0.2506783538595805
DH,18.7,P. gingivalis_W83,0.10979649595170875
DH,18.75,S. oralis,0.02636216684287941
DH,18.75,A. naeslundii,0.37079204038821095
DH,18.75,V. parvula,0.24141959023264037
DH,18.75,F. nucleatum,0.25095680020782773
DH,18.75,P. gingivalis_W83,0.11046940232844163
DH,18.8,S. oralis,0.026088446433678258
DH,18.8,A. naeslundii,0.37072844761506474
DH,18.8,V. parvula,0.24080346534273195
DH,18.8,F. nucleatum,0.2512326751730678
DH,18.8,P. gingivalis_W83,0.11114696543545732
DH,18.85,S. oralis,0.025816971961006446
DH,18.85,A. naeslundii,0.37066094371096947
DH,18.85,V. parvula,0.2401868741569153
DH,18.85,F. nucleatum,0.25150599142383495
DH,18.85,P. gingivalis_W83,0.11182921874727392
DH,18.900000000000002,S. oralis,0.025547734463162386
DH,18.900000000000002,A. naeslundii,0.37058952405375767
DH,18.900000000000002,V. parvula,0.23956978404690968
DH,18.900000000000002,F. nucleatum,0.25177676159791984
DH,18.900000000000002,P. gingivalis_W83,0.11251619583825055
DH,18.95,S. oralis,0.02528072491560007
DH,18.95,A. naeslundii,0.3705141839430547
DH,18.95,V. parvula,0.23895216246740297
DH,18.95,F. nucleatum,0.25204499833033084
DH,18.95,P. gingivalis_W83,0.11320793034361153
DH,19.0,S. oralis,0.025015933964717574
DH,19.0,A. naeslundii,0.37043491813015983
DH,19.0,V. parvula,0.23833397740498743
DH,19.0,F. nucleatum,0.2523107141058475
DH,19.0,P. gingivalis_W83,0.11390445639428778
DH,19.05,S. oralis,0.024753352044070052
DH,19.05,A. naeslundii,0.3703517210010506
DH,19.05,V. parvula,0.2377151971962017
DH,19.05,F. nucleatum,0.25257392130135253
DH,19.05,P. gingivalis_W83,0.11460580845732497
DH,19.1,S. oralis,0.024492969587212646
DH,19.1,A. naeslundii,0.3702645869417049
DH,19.1,V. parvula,0.23709579017758467
DH,19.1,F. nucleatum,0.25283463229372904
DH,19.1,P. gingivalis_W83,0.11531202099976884
DH,19.150000000000002,S. oralis,0.024234776884026008
DH,19.150000000000002,A. naeslundii,0.3701735100764662
DH,19.150000000000002,V. parvula,0.23647572493557736
DH,19.150000000000002,F. nucleatum,0.25309285937249404
DH,19.150000000000002,P. gingivalis_W83,0.11602312873143633
DH,19.2,S. oralis,0.023978764193526278
DH,19.2,A. naeslundii,0.3700784845048897
DH,19.2,V. parvula,0.23585497008819406
DH,19.2,F. nucleatum,0.2533486148398151
DH,19.2,P. gingivalis_W83,0.11673916637357479
DH,19.25,S. oralis,0.023724921384383424
DH,19.25,A. naeslundii,0.3699795035732879
DH,19.25,V. parvula,0.23523349496760984
DH,19.25,F. nucleatum,0.25360191071918936
DH,19.25,P. gingivalis_W83,0.11746016935552955
DH,19.3,S. oralis,0.023473238309634988
DH,19.3,A. naeslundii,0.3698765605978173
DH,19.3,V. parvula,0.2346112689345292
DH,19.3,F. nucleatum,0.25385275902295074
DH,19.3,P. gingivalis_W83,0.11818617313506785
DH,19.35,S. oralis,0.023223704763565813
DH,19.35,A. naeslundii,0.36976964876836876
DH,19.35,V. parvula,0.2339882614689383
DH,19.35,F. nucleatum,0.25410117170873137
DH,19.35,P. gingivalis_W83,0.11891721329039565
DH,19.400000000000002,S. oralis,0.022976310498997506
DH,19.400000000000002,A. naeslundii,0.36965876122277824
DH,19.400000000000002,V. parvula,0.23336444210402604
DH,19.400000000000002,F. nucleatum,0.2543471607326927
DH,19.400000000000002,P. gingivalis_W83,0.11965332544150559
DH,19.45,S. oralis,0.022731044995237284
DH,19.45,A. naeslundii,0.3695438905077582
DH,19.45,V. parvula,0.23273978093432654
DH,19.45,F. nucleatum,0.25459073779374564
DH,19.45,P. gingivalis_W83,0.12039454576893248
DH,19.5,S. oralis,0.022487897609150598
DH,19.5,A. naeslundii,0.3694250288977548
DH,19.5,V. parvula,0.23211424831129931
DH,19.5,F. nucleatum,0.25483191446781334
DH,19.5,P. gingivalis_W83,0.1211409107139821
DH,19.55,S. oralis,0.022246857695934544
DH,19.55,A. naeslundii,0.3693021686629059
DH,19.55,V. parvula,0.2314878145904968
DH,19.55,F. nucleatum,0.25507070232854034
DH,19.55,P. gingivalis_W83,0.12189245672212248
DH,19.6,S. oralis,0.022007914498101213
DH,19.6,A. naeslundii,0.36917530180627306
DH,19.6,V. parvula,0.2308604503814106
DH,19.6,F. nucleatum,0.25530711281992835
DH,19.6,P. gingivalis_W83,0.12264922049428688
DH,19.650000000000002,S. oralis,0.021771057227183307
DH,19.650000000000002,A. naeslundii,0.36904442029069645
DH,19.650000000000002,V. parvula,0.2302321263346282
DH,19.650000000000002,F. nucleatum,0.2555411573846319
DH,19.650000000000002,P. gingivalis_W83,0.12341123876286002
DH,19.7,S. oralis,0.021536274823376417
DH,19.7,A. naeslundii,0.3689095153748523
DH,19.7,V. parvula,0.22960281377088462
DH,19.7,F. nucleatum,0.25577284709150083
DH,19.7,P. gingivalis_W83,0.12417854893938572
DH,19.75,S. oralis,0.021303556226876078
DH,19.75,A. naeslundii,0.36877057831741644
DH,19.75,V. parvula,0.22897248401091463
DH,19.75,F. nucleatum,0.2560021930093851
DH,19.75,P. gingivalis_W83,0.12495118843540787
DH,19.8,S. oralis,0.021072890329815446
DH,19.8,A. naeslundii,0.3686276002347984
DH,19.8,V. parvula,0.22834110851278078
DH,19.8,F. nucleatum,0.256229206122872
DH,19.8,P. gingivalis_W83,0.1257291947997335
DH,19.85,S. oralis,0.02084426599492241
DH,19.85,A. naeslundii,0.3684805722060685
DH,19.85,V. parvula,0.22770865876904414
DH,19.85,F. nucleatum,0.2564538974168329
DH,19.85,P. gingivalis_W83,0.12651260561313213
DH,19.900000000000002,S. oralis,0.020617671883336342
DH,19.900000000000002,A. naeslundii,0.3683294846961303
DH,19.900000000000002,V. parvula,0.22707510686868204
DH,19.900000000000002,F. nucleatum,0.2566762775053708
DH,19.900000000000002,P. gingivalis_W83,0.1273014590464804
DH,19.95,S. oralis,0.020393096593180338
DH,19.95,A. naeslundii,0.3681743279724985
DH,19.95,V. parvula,0.22644042509206586
DH,19.95,F. nucleatum,0.25689635688093193
DH,19.95,P. gingivalis_W83,0.12809579346132347
DH,20.0,S. oralis,0.020170528714261133
DH,20.0,A. naeslundii,0.3680150922708789
DH,20.0,V. parvula,0.22580458575133924
DH,20.0,F. nucleatum,0.2571141460138317
DH,20.0,P. gingivalis_W83,0.12889564724968894
DH,20.05,S. oralis,0.019949956778673783
DH,20.05,A. naeslundii,0.3678517676442722
DH,20.05,V. parvula,0.22516756133748225
DH,20.05,F. nucleatum,0.2573296552612242
DH,20.05,P. gingivalis_W83,0.12970105897834752
DH,20.1,S. oralis,0.01973136925696223
DH,20.1,A. naeslundii,0.36768434395541283
DH,20.1,V. parvula,0.22452932452932575
DH,20.1,F. nucleatum,0.2575428948652046
DH,20.1,P. gingivalis_W83,0.1305120673930945
DH,20.150000000000002,S. oralis,0.019514754474854085
DH,20.150000000000002,A. naeslundii,0.36751281050477547
DH,20.150000000000002,V. parvula,0.22388984856904504
DH,20.150000000000002,F. nucleatum,0.2577538746739268
DH,20.150000000000002,P. gingivalis_W83,0.13132871177739872
DH,20.200000000000003,S. oralis,0.01930010075807696
DH,20.200000000000003,A. naeslundii,0.36733715659283445
DH,20.200000000000003,V. parvula,0.2232491066988151
DH,20.200000000000003,F. nucleatum,0.2579626045355446
DH,20.200000000000003,P. gingivalis_W83,0.13215103141472886
DH,20.25,S. oralis,0.01908739637733119
DH,20.25,A. naeslundii,0.3671573712505419
DH,20.25,V. parvula,0.22260707244157635
DH,20.25,F. nucleatum,0.25816909408785854
DH,20.25,P. gingivalis_W83,0.13297906584269198
DH,20.3,S. oralis,0.018876629646192106
DH,20.3,A. naeslundii,0.3669734438284634
DH,20.3,V. parvula,0.22196371897280676
DH,20.3,F. nucleatum,0.25837335325251454
DH,20.3,P. gingivalis_W83,0.1338128543000231
DH,20.35,S. oralis,0.018667788706501265
DH,20.35,A. naeslundii,0.3667853628028425
DH,20.35,V. parvula,0.22131902038770382
DH,20.35,F. nucleatum,0.2585753912600613
DH,20.35,P. gingivalis_W83,0.13465243684289122
DH,20.400000000000002,S. oralis,0.018460861652628648
DH,20.400000000000002,A. naeslundii,0.36659311640157305
DH,20.400000000000002,V. parvula,0.22067295104285795
DH,20.400000000000002,F. nucleatum,0.2587752171424695
DH,20.400000000000002,P. gingivalis_W83,0.13549785376047085
DH,20.450000000000003,S. oralis,0.018255836578944244
DH,20.450000000000003,A. naeslundii,0.3663966928525493
DH,20.450000000000003,V. parvula,0.22002548529485988
DH,20.450000000000003,F. nucleatum,0.25897283993171005
DH,20.450000000000003,P. gingivalis_W83,0.13634914534193665
DH,20.5,S. oralis,0.018052701569725275
DH,20.5,A. naeslundii,0.36619608030213385
DH,20.5,V. parvula,0.2193765975926668
DH,20.5,F. nucleatum,0.25916826858548947
DH,20.5,P. gingivalis_W83,0.13720635194998468
DH,20.55,S. oralis,0.017851444667571135
DH,20.55,A. naeslundii,0.36599126669020804
DH,20.55,V. parvula,0.218726262601441
DH,20.55,F. nucleatum,0.2593615119009243
DH,20.55,P. gingivalis_W83,0.1380695141398556
DH,20.6,S. oralis,0.01765205389535183
DH,20.6,A. naeslundii,0.3657822399086722
DH,20.6,V. parvula,0.2180744550277532
DH,20.6,F. nucleatum,0.2595525786567238
DH,20.6,P. gingivalis_W83,0.13893867251149905
DH,20.650000000000002,S. oralis,0.01745451718309331
DH,20.650000000000002,A. naeslundii,0.36556898706235746
DH,20.650000000000002,V. parvula,0.2174211504757468
DH,20.650000000000002,F. nucleatum,0.2597414769075488
DH,20.650000000000002,P. gingivalis_W83,0.13981386837125373
DH,20.700000000000003,S. oralis,0.01725882246082154
DH,20.700000000000003,A. naeslundii,0.36535149525609495
DH,20.700000000000003,V. parvula,0.21676632454956546
DH,20.700000000000003,F. nucleatum,0.25992821470805993
DH,20.700000000000003,P. gingivalis_W83,0.14069514302545827
DH,20.75,S. oralis,0.017064957658562495
DH,20.75,A. naeslundii,0.3651297515947157
DH,20.75,V. parvula,0.21610995285335263
DH,20.75,F. nucleatum,0.26011280011291793
DH,20.75,P. gingivalis_W83,0.14158253778045127
DH,20.8,S. oralis,0.01687291068733402
DH,20.8,A. naeslundii,0.3649037429042172
DH,20.8,V. parvula,0.21545201133390288
DH,20.8,F. nucleatum,0.2602952408940672
DH,20.8,P. gingivalis_W83,0.14247609418047877
DH,20.85,S. oralis,0.01668266944645952
DH,20.85,A. naeslundii,0.36467345620518754
DH,20.85,V. parvula,0.21479247565741014
DH,20.85,F. nucleatum,0.2604755450706868
DH,20.85,P. gingivalis_W83,0.14337585362025607
DH,20.900000000000002,S. oralis,0.016494221793933284
DH,20.900000000000002,A. naeslundii,0.36443887774112654
DH,20.900000000000002,V. parvula,0.21413132246590327
DH,20.900000000000002,F. nucleatum,0.26065371985342933
DH,20.900000000000002,P. gingivalis_W83,0.14428185814560748
DH,20.950000000000003,S. oralis,0.016307555576920544
DH,20.950000000000003,A. naeslundii,0.36419999353793236
DH,20.950000000000003,V. parvula,0.21346852867566538
DH,20.950000000000003,F. nucleatum,0.26082977222464243
DH,20.950000000000003,P. gingivalis_W83,0.14519414998483934
DH,21.0,S. oralis,0.016122658642586517
DH,21.0,A. naeslundii,0.3639567896215031
DH,21.0,V. parvula,0.21280407120297928
DH,21.0,F. nucleatum,0.26100370916667354
DH,21.0,P. gingivalis_W83,0.14611277136625767
DH,21.05,S. oralis,0.01593951883898759
DH,21.05,A. naeslundii,0.3637092519402733
DH,21.05,V. parvula,0.2121379270735646
DH,21.05,F. nucleatum,0.26117553757013173
DH,21.05,P. gingivalis_W83,0.14703776457704285
DH,21.1,S. oralis,0.015758124002306806
DH,21.1,A. naeslundii,0.36345736626004593
DH,21.1,V. parvula,0.21147007353689434
DH,21.1,F. nucleatum,0.2613452641416273
DH,21.1,P. gingivalis_W83,0.14796917205912555
DH,21.150000000000002,S. oralis,0.015578461957750369
DH,21.150000000000002,A. naeslundii,0.3632011182834506
DH,21.150000000000002,V. parvula,0.2108004879032873
DH,21.150000000000002,F. nucleatum,0.2615128955425828
DH,21.150000000000002,P. gingivalis_W83,0.14890703631292912
DH,21.200000000000003,S. oralis,0.015400520542566137
DH,21.200000000000003,A. naeslundii,0.362940493008222
DH,21.200000000000003,V. parvula,0.21012914848865455
DH,21.200000000000003,F. nucleatum,0.2616784375915359
DH,21.200000000000003,P. gingivalis_W83,0.14985140036902153
DH,21.25,S. oralis,0.015224287594001991
DH,21.25,A. naeslundii,0.36267547543209516
DH,21.25,V. parvula,0.20945603360890758
DH,21.25,F. nucleatum,0.2618418961070244
DH,21.25,P. gingivalis_W83,0.15080230725797075
DH,21.3,S. oralis,0.015049750949305782
DH,21.3,A. naeslundii,0.3624060505528051
DH,21.3,V. parvula,0.2087811215799578
DH,21.3,F. nucleatum,0.2620032769075863
DH,21.3,P. gingivalis_W83,0.15175980001034511
DH,21.35,S. oralis,0.014876898462175988
DH,21.35,A. naeslundii,0.3621322031162633
DH,21.35,V. parvula,0.20810439111817908
DH,21.35,F. nucleatum,0.2621625854791647
DH,21.35,P. gingivalis_W83,0.15272392182421698
DH,21.400000000000002,S. oralis,0.014705717953178878
DH,21.400000000000002,A. naeslundii,0.3618539180367345
DH,21.400000000000002,V. parvula,0.2074258205960222
DH,21.400000000000002,F. nucleatum,0.2623198275922016
DH,21.400000000000002,P. gingivalis_W83,0.15369471582186287
DH,21.450000000000003,S. oralis,0.014536197298733724
DH,21.450000000000003,A. naeslundii,0.3615711795312667
DH,21.450000000000003,V. parvula,0.20674538952940086
DH,21.450000000000003,F. nucleatum,0.2624750080709623
DH,21.450000000000003,P. gingivalis_W83,0.15467222556963647
DH,21.5,S. oralis,0.01436832439096227
DH,21.5,A. naeslundii,0.3612839716291151
DH,21.5,V. parvula,0.20606307774459676
DH,21.5,F. nucleatum,0.26262813148248565
DH,21.5,P. gingivalis_W83,0.15565649475284032
DH,21.55,S. oralis,0.014202087121986215
DH,21.55,A. naeslundii,0.36099227835953457
DH,21.55,V. parvula,0.2053788650678913
DH,21.55,F. nucleatum,0.2627792023938106
DH,21.55,P. gingivalis_W83,0.15664756705677724
DH,21.6,S. oralis,0.01403747339454699
DH,21.6,A. naeslundii,0.36069608368004674
DH,21.6,V. parvula,0.20469273146501463
DH,21.6,F. nucleatum,0.2629282252593478
DH,21.6,P. gingivalis_W83,0.15764548620104396
DH,21.650000000000002,S. oralis,0.013874471120946577
DH,21.650000000000002,A. naeslundii,0.3603953713930832
DH,21.650000000000002,V. parvula,0.20400465714157048
DH,21.650000000000002,F. nucleatum,0.26307520433384174
DH,21.650000000000002,P. gingivalis_W83,0.1586502960105579
DH,21.700000000000003,S. oralis,0.013713068211529364
DH,21.700000000000003,A. naeslundii,0.3600901252389034
DH,21.700000000000003,V. parvula,0.20331462237016917
DH,21.700000000000003,F. nucleatum,0.2632201438149807
DH,21.700000000000003,P. gingivalis_W83,0.15966204036441747
DH,21.75,S. oralis,0.01355325267118769
DH,21.75,A. naeslundii,0.359780328343828
DH,21.75,V. parvula,0.20262260863276266
DH,21.75,F. nucleatum,0.2633630469260796
DH,21.75,P. gingivalis_W83,0.1606807634261419
DH,21.8,S. oralis,0.013395012504813886
DH,21.8,A. naeslundii,0.3594659638341784
DH,21.8,V. parvula,0.20192859741130312
DH,21.8,F. nucleatum,0.26350391689045377
DH,21.8,P. gingivalis_W83,0.1617065093592509
DH,21.85,S. oralis,0.013238335717300294
DH,21.85,A. naeslundii,0.3591470148362753
DH,21.85,V. parvula,0.20123257018774254
DH,21.85,F. nucleatum,0.26364275693141814
DH,21.85,P. gingivalis_W83,0.16273932232726376
DH,21.900000000000002,S. oralis,0.01308321032519199
DH,21.900000000000002,A. naeslundii,0.3588234644093297
DH,21.900000000000002,V. parvula,0.2005345085831368
DH,21.900000000000002,F. nucleatum,0.26377957016194986
DH,21.900000000000002,P. gingivalis_W83,0.16377924652039177
DH,21.950000000000003,S. oralis,0.012929624400676331
DH,21.950000000000003,A. naeslundii,0.35849529528611346
DH,21.950000000000003,V. parvula,0.19983439488882754
DH,21.950000000000003,F. nucleatum,0.2639143591625301
DH,21.950000000000003,P. gingivalis_W83,0.16482632626185245
DH,22.0,S. oralis,0.012777566051300373
DH,22.0,A. naeslundii,0.3581624900355011
DH,22.0,V. parvula,0.19913221177481502
DH,22.0,F. nucleatum,0.2640471262180573
DH,22.0,P. gingivalis_W83,0.16588060592032627
