sample_id,diagnosis,phi0_So,phi0_An,phi0_Vd,phi0_Fn,phi0_Pg,phieq_So,phieq_An,phieq_Vd,phieq_Fn,phieq_Pg,attractor_nearest,attractor_binary,attractor_ode,PC1_init,PC2_init
Peri-implantitis,PI,0.4211983887210473,0.0062940584088620345,0.199269889224572,0.2372860020140987,0.13595166163141995,0.16191400023285402,0.17490284841628284,0.23201429618513586,0.18586357169932322,0.24530528346640396,CS,commensal,dysbiotic,-0.10969759310764104,-0.035802477914222454
Mucositis,PIM,0.28825622775800713,0.002704626334519573,0.005836298932384342,0.26875444839857654,0.43444839857651246,0.14810727681802482,0.1746147350288813,0.2363467835316896,0.18943546154761523,0.25149574307378897,DS,dysbiotic,dysbiotic,-0.34598593656270293,0.24427825004998144
Health,PIH,0.7766684655513582,0.020417341248425976,0.06871739521496673,0.12889008814534988,0.005306709839899263,0.22522767855342263,0.1667341994370152,0.21249351155671195,0.16895043985433605,0.22659417059851406,CH,commensal,dysbiotic,0.26758775514775396,-0.011625350992751563
Mucositis.1,PIM,0.7313851741786362,0.014033349843156679,0.09278520719828298,0.05794947994056464,0.10384678883935942,0.21652694507886003,0.1679771263349166,0.2152602697105885,0.17100129554542454,0.22923436333021036,CH,commensal,dysbiotic,0.2315042036326363,0.08878375919554628
Mucositis.2,PIM,0.9011165623413974,0.01319573676196921,0.015987142615462697,0.05971916765352732,0.009981390627643376,0.24892444414596396,0.16326265025348793,0.20526137936997027,0.16294887358872656,0.21960265264185122,CH,commensal,commensal,0.3962386980131513,0.05494513449808961
Peri-implantitis.1,PI,0.6240454626176523,0.0166933049191973,0.07423193038536673,0.26993429231042443,0.01509500976735926,0.19534281533560546,0.17066932416142222,0.22094789759360567,0.1780881312434336,0.23495183166593295,CH,commensal,dysbiotic,0.07428785673096755,-0.08644976924915192
Health.1,PIH,0.7262295081967213,0.018032786885245903,0.02459016393442623,0.22950819672131148,0.001639344262295082,0.21515158907830575,0.16805154399349304,0.2151744187791061,0.17231760823557288,0.22930483991352232,CH,commensal,dysbiotic,0.17804430402035043,-0.051449976885248924
Health.2,PIH,0.9054294615042279,0.00778816199376947,0.051846906987093905,0.03404539385847797,0.0008900756564307966,0.24976367253863951,0.16314115968662404,0.20501384424492974,0.16272195200910483,0.21935937152070195,CH,commensal,commensal,0.4167895720844987,0.047883129593871136
Peri-implantitis.2,PI,0.21745898694767093,0.05747814632978086,0.41276493833073885,0.30930427493713325,0.002993653454676087,0.1439985512065968,0.17525978531932193,0.23983063918511616,0.1905342248719055,0.25037679941705965,CS,commensal,dysbiotic,-0.24939819534036992,-0.2713952345851012
Peri-implantitis.3,PI,0.24320457796852646,0.0034334763948497852,0.0005722460658082976,0.7221745350500716,0.03061516452074392,0.13632667657852748,0.16916877620772747,0.22123900939535607,0.23538383619457218,0.23788170162381686,CH,commensal,dysbiotic,-0.4572314421025056,-0.2972682642220222
Peri-implantitis.4,PI,0.1445966514459665,0.004185692541856925,0.0,0.762937595129376,0.0882800608828006,0.13273555020590969,0.16807735820901631,0.2197795930398281,0.24266720774502398,0.23674029080022185,CH,commensal,dysbiotic,-0.5762139708369312,-0.27916662578270535
Peri-implantitis.5,PI,0.18347089002899844,0.002453714030782958,0.0007807271916127593,0.7967878652687932,0.016506803479812624,0.13204255815918,0.16712696067677027,0.2178199185459814,0.24790632103608812,0.23510424158198015,CH,commensal,dysbiotic,-0.5359428121225551,-0.34949562620309366
Health.3,PIH,0.5823445657332701,0.03713811105837684,0.19387755102040816,0.17489321309919317,0.01174655908875178,0.18802706304452152,0.17181746967413372,0.22407957663884895,0.17840851590637885,0.237667374736117,CS,commensal,dysbiotic,0.09373672634019031,-0.09023782216085308
Health.4,PIH,0.6475912702403701,0.03630694961279292,0.25575781957155785,0.0574273358141406,0.0029166247611384895,0.19996845188036877,0.1701038322800761,0.2208371412085288,0.1748011600658789,0.23428941456514743,CS,commensal,dysbiotic,0.20841031436526736,-0.057188716781431476
Health.5,PIH,0.858664697816686,0.013078789157261891,0.12382660056956017,0.004429912456491931,0.0,0.2409976838425873,0.16444812662451014,0.2077436907703654,0.16483801906365186,0.2219724796988854,CS,commensal,commensal,0.3973327411795475,0.031667414783672077
Health.6,PIH,0.6769485560500983,0.021322844426042854,0.27988821033019357,0.020494772797847012,0.0013456163958182382,0.2053568032149366,0.16926815129632414,0.21935946760799993,0.17329222666705094,0.23272335121368856,CS,commensal,dysbiotic,0.25101295602869184,-0.04619139191835592
Health.7,PIH,0.8710558059805726,0.015998984191479906,0.1069773347723954,0.005269506697987429,0.0006983683575645991,0.24328443024083973,0.1640975952373954,0.20703520133950468,0.1642867273646025,0.22129604581765763,CS,commensal,commensal,0.4058898334002791,0.03874908579904787
Health.8,PIH,0.7043671354552183,0.06572908956328645,0.2244263508512213,0.005477424130273871,0.0,0.21106442532907202,0.16866461516371742,0.2172198018571243,0.1721111258264751,0.23094003182361103,CS,commensal,dysbiotic,0.27907338728791514,-0.019682160703506882
Health.9,PIH,0.4985898942420682,0.16227967097532314,0.2918918918918919,0.0472385428907168,0.0,0.17323494663930045,0.17375859710872177,0.22944910154206774,0.1813080398703981,0.2422493148395119,CS,commensal,dysbiotic,0.09945267449230533,-0.08487140670803149
Health.10,PIH,0.2797823596792669,0.2472794959908362,0.2739117983963345,0.19902634593356242,0.0,0.14879281359516772,0.1773793643581095,0.2365217056719374,0.18828917314975627,0.24901694322502926,CS,commensal,dysbiotic,-0.147686160345021,-0.17328387701969658
Health.11,PIH,0.6282293119002706,0.034856064955302225,0.04748626260969409,0.180513409333224,0.10891495120150907,0.1966689559631466,0.17071365638969763,0.22120312662687372,0.17639986848377218,0.23501439253650985,CH,commensal,dysbiotic,0.08655966017527705,0.04041967760627049
Health.12,PIH,0.4517625231910946,0.016233766233766232,0.0017393320964749536,0.3375463821892393,0.19271799628942485,0.16526300241088238,0.17406066979912288,0.22937800696650018,0.18801809132167838,0.24328022950181621,CH,commensal,dysbiotic,-0.1624202403601729,0.03358308548726877
Peri-implantitis.6,PI,0.931604266889772,0.0009412256850031374,0.017360384856724535,0.040995607613469986,0.009098514955030328,0.25460700194606806,0.16239672231929958,0.20353340135920378,0.161530006392667,0.21793286798276168,CH,commensal,commensal,0.4297592864852097,0.06581237947664505
Mucositis.3,PIM,0.5353184090415127,0.006520321669202347,0.21690936752879808,0.22082156053031948,0.020430341230167355,0.17942996771818712,0.1728135505072256,0.2266254873199948,0.18101770671907344,0.2401132877355191,CS,commensal,dysbiotic,0.031323447227403656,-0.11643441781908213
Mucositis.4,PIM,0.9790626509904977,0.007247543887904655,0.00483169592526977,0.008213883072958608,0.0006442261233693026,0.26341065481857906,0.16110591160572746,0.2008352513991928,0.15932628214213068,0.21532190003436996,CH,commensal,commensal,0.48607147017812474,0.0830927725459127
Mucositis.5,PIM,0.9645982498011137,0.0011933174224343676,0.010342084327764518,0.017899761336515514,0.0059665871121718375,0.2606982491340645,0.16148623163545336,0.20167318825003203,0.16000864950552107,0.21613368147492898,CH,commensal,commensal,0.46807085911181306,0.07971379827309719
Mucositis.6,PIM,0.7616515837104072,0.0023755656108597283,0.08291855203619909,0.1323529411764706,0.020701357466063348,0.22232115518396312,0.16713112926506468,0.2133973254260894,0.16968480417709517,0.22746558594778762,CH,commensal,dysbiotic,0.2487083669401305,-0.006674647107368566
Mucositis.7,PIM,0.8530730677921393,0.0073859140068583485,0.13215510419414403,0.0073859140068583485,0.0,0.2399141706554909,0.16459735956071933,0.20808308933374906,0.16510800014131852,0.2222973803087222,CS,commensal,commensal,0.3916944777434784,0.02702654253512484
Mucositis.8,PIM,0.544358020516289,0.023447187464772857,0.1176868447751099,0.294555292526209,0.019952654717619207,0.18065681332414854,0.172503369699695,0.2252333624009904,0.18248304492558232,0.23912340964958378,CH,commensal,dysbiotic,-0.0009216486351364406,-0.11688983591098019
Health.13,PIH,0.8859703337453646,0.028275648949320147,0.05160692212608158,0.02796662546353523,0.006180469715698393,0.24608707028857854,0.16368885577949188,0.20614377419436775,0.16363137824959031,0.22044892148797163,CH,commensal,commensal,0.40269335879017637,0.05267593646329571
Health.14,PIH,0.3397448105122834,0.03466006474957151,0.012854694343934488,0.32708055608455533,0.2856598743096553,0.1520933968793302,0.17524945651661772,0.23397012757741656,0.19092678461728477,0.24776023440935072,CH,commensal,dysbiotic,-0.2790821194082461,0.09844637637499613
Health.15,PIH,0.8344424826836887,0.1077685725926932,0.05385033274480511,0.0029200054325682467,0.0010186065462447372,0.23640854176344592,0.1651807541537256,0.2091106806836754,0.16599846981079489,0.2233015535883582,CH,commensal,commensal,0.3771420894185284,0.05243207059736057
Mucositis.9,PIM,0.9456589631480324,0.004996876951905059,0.030293566520924423,0.018738288569643973,0.0003123048094940662,0.257275379072937,0.1620245958452935,0.20271240161030912,0.16085164153845075,0.21713598193300965,CH,commensal,commensal,0.455508982760312,0.06596673648202717
Mucositis.10,PIM,0.9443913320586361,0.005019120458891013,0.03138942001274697,0.01904079031230083,0.00015933715742511153,0.25706001325345723,0.16206146903882693,0.20277624503893266,0.16090466140248366,0.21719761126629966,CH,commensal,commensal,0.4544537881453136,0.06520154306677449
Mucositis.11,PIM,0.9446489780373238,0.005014599466802082,0.031166687825314204,0.018979306842706614,0.00019042782785324362,0.2571026782002331,0.16205384140022955,0.20276374507731199,0.16089418927133467,0.21718554605089058,CH,commensal,commensal,0.4546682564173223,0.0653570686041389
Mucositis.12,PIM,0.6273230525899565,0.009292210359826018,0.06702253855278767,0.2962962962962963,6.590220113351786e-05,0.19572848936107143,0.17050172831740307,0.22047741517454836,0.17870522638840944,0.23458714075856762,CH,commensal,dysbiotic,0.0690681687490774,-0.1079729490196347
Health.16,PIH,0.8382120946538124,0.026993865030674847,0.08326029798422437,0.050920245398773004,0.0006134969325153375,0.23707434594716476,0.16502552835338713,0.20890823141491502,0.16587641737651085,0.22311547690802216,CH,commensal,commensal,0.3568231155219878,0.02194840859525884
Mucositis.13,PIM,0.6061246040126715,0.018373812038014782,0.06546990496304118,0.31003167898627243,0.0,0.1916686403866941,0.17099406651185764,0.22151424194791897,0.1801901801569405,0.2356328709965887,CH,commensal,dysbiotic,0.04564181717468102,-0.11622370532212373
Mucositis.14,PIM,0.9149649941656943,0.033109684947491246,0.04288214702450408,0.009043173862310384,0.0,0.2517540489098351,0.16290463573187833,0.2043879006203158,0.1622032116943273,0.21875020304364345,CH,commensal,commensal,0.43689790962117697,0.06223711456431892
Mucositis.15,PIM,0.8169739493916548,0.039561095767709185,0.10651638426513399,0.031947450921848176,0.005001119653653803,0.2329844079320871,0.16561498901080976,0.21018514885774084,0.16687594232041902,0.22433951187894327,CH,commensal,commensal,0.34873145157492763,0.02402286181068459
Peri-implantitis.7,PI,0.1013060360042358,0.01200141193081539,0.0004118131544887634,0.20125897164372278,0.6850217672667372,0.14152728355220778,0.17003094464305465,0.23737695839850503,0.18653293612391664,0.2645318772823159,DS,dysbiotic,dysbiotic,-0.5520190540532837,0.4619186574131257
Health.17,PIH,0.8662420382165605,0.04670912951167728,0.04670912951167728,0.016985138004246284,0.02335456475583864,0.24236753959253174,0.16424286730877294,0.207289013083022,0.16454817419851897,0.22155240581715427,CH,commensal,commensal,0.3862700805252351,0.07099732558601732
Health.18,PIH,0.20543054954565124,0.0665296408481177,0.11758978797057551,0.44612721765469493,0.16432280398096064,0.14313069193045594,0.17493077427602904,0.2335571304980704,0.2007211862917173,0.24766021700372712,CH,commensal,dysbiotic,-0.39535549838078415,-0.10523726068772528
Health.19,PIH,0.8756775660080434,0.05210701171533485,0.05175730022731247,0.016611295681063124,0.003846826368246197,0.2441709059722055,0.16398361455500832,0.2067322048706837,0.1640985312273435,0.22101474337475893,CH,commensal,commensal,0.4012641992037214,0.054450352442999096
Mucositis.16,PIM,0.4580374435119432,0.011727996556918443,0.010114052076608565,0.30234559931138366,0.21777490854314613,0.16651180015520284,0.17408653656330825,0.2296393813266346,0.18634594071200955,0.2434163412428447,CH,commensal,dysbiotic,-0.14906049545964298,0.06818801760729953
Mucositis.17,PIM,0.5642995620018669,0.14906297120700798,0.12579880807065413,0.14777051769943275,0.01306814102103827,0.18500725123634254,0.17247336983557904,0.22491405406759238,0.17909952813288962,0.2385057967275964,CH,commensal,dysbiotic,0.09116095822176518,-0.05771510255537535
Health.20,PIH,0.8092467850581752,0.02969993876301286,0.02510716472749541,0.11757501530924679,0.01837109614206981,0.23149231957780067,0.16583121260935874,0.21057468388081887,0.16736015644492117,0.22474162748710058,CH,commensal,commensal,0.2926765428539702,0.022130329444751524
Health.21,PIH,0.40055584505819003,0.019020323084940075,0.0036477331943720686,0.2623762376237624,0.31439986103873546,0.15881594329575313,0.1747482500365785,0.23277266242025746,0.18707536137079428,0.24658778287661665,CH,commensal,dysbiotic,-0.21023118831576904,0.16147407230614458
Health.22,PIH,0.8528502415458937,0.008792270531400966,0.008115942028985508,0.12608695652173912,0.0041545893719806765,0.23981406337281116,0.16460686143250863,0.20799745548280546,0.16531877340770185,0.22226284630417295,CH,commensal,commensal,0.3272925700278109,0.017251065524095603
Peri-implantitis.8,PI,0.4106763079540621,0.11527009783071034,0.033602722245852826,0.2988090174393875,0.14164185452998723,0.1602680133192902,0.17500789138436376,0.23159620180316082,0.18793996170929492,0.24518793178389042,CH,commensal,dysbiotic,-0.15497602244958375,-0.007006631543589516
Peri-implantitis.9,PI,0.268001844653798,0.006851571249752948,0.02892153633309177,0.17392450095526715,0.5223005468080901,0.14666621976784638,0.17355723011510615,0.23728458388993764,0.18766165391735823,0.2548303123097516,DS,dysbiotic,dysbiotic,-0.34657532152699966,0.34974491418451725
Peri-implantitis.10,PI,0.2518748579653057,0.017498674342852814,0.05666237406257102,0.2404363305810166,0.4335277630482539,0.14648251684535235,0.17481050828925535,0.23718714638789715,0.189337329963909,0.2521824985135861,DH,dysbiotic,dysbiotic,-0.35851000886098167,0.23545378591551147
Peri-implantitis.11,PI,0.608719052744887,0.04426803013993542,0.04184607104413348,0.11652314316469321,0.1886437029063509,0.19301375408675092,0.17117939107619531,0.22254929012377128,0.17697931003873113,0.2362782546745515,CH,commensal,dysbiotic,0.0734078559066807,0.13465886293377718
Mucositis.18,PIM,0.2683481888867817,0.01213730324293571,0.040584107718566284,0.37113597572539353,0.30779442442632277,0.14659662313635835,0.17521424708232608,0.23489245819811094,0.1943968729864363,0.24889979859676822,CH,commensal,dysbiotic,-0.3644786541321885,0.07981326398581469
Peri-implantitis.12,PI,0.5147279081377933,0.05292061907139291,0.052421367948077884,0.16425361957064402,0.21567648527209185,0.1762192077107912,0.17330273470971574,0.22774302884007178,0.18143474889046554,0.2413002798489557,CH,commensal,dysbiotic,-0.033692231845168286,0.12115525264817203
Mucositis.19,PIM,0.5532066847593201,0.18783030995572061,0.1349807170404228,0.09484359377231824,0.029138694472218254,0.18306317893859886,0.17297418862530603,0.22552661882742528,0.17939070303468937,0.23904531057398057,CS,commensal,dysbiotic,0.10329985647730605,-0.02513766923853953
Health.23,PIH,0.38108213312572986,0.02452316076294278,0.017127286882055275,0.164850136239782,0.4124172829894901,0.15629937844396793,0.17435932179911903,0.23432688290693285,0.1860101131880487,0.24900430366193138,CH,commensal,dysbiotic,-0.21291298279523413,0.27975848765236544
Health.24,PIH,0.19694048078159146,0.0016711659596349146,0.01632600591335647,0.13832112096670524,0.6467412263787119,0.14301593848101396,0.1710287609366215,0.23757921550221758,0.18654945684723476,0.26182662823291214,DS,dysbiotic,dysbiotic,-0.4311240728628357,0.46457168833213747
Peri-implantitis.13,PI,0.41418973941368076,0.014759771986970684,0.003562703583061889,0.24867671009771988,0.31881107491856675,0.16054140597968156,0.1745766996386787,0.2323621471311174,0.18632357422946627,0.24619617302105595,CH,commensal,dysbiotic,-0.19438820466598702,0.17292398052945188
Peri-implantitis.14,PI,0.09268154846001696,0.0157294904398606,0.027597249693887164,0.289629838937553,0.5743618724686823,0.14243650859178075,0.1724947957974782,0.23760178442497287,0.18983180576229122,0.25763510542347695,DS,dysbiotic,dysbiotic,-0.5608796816223615,0.32078645567559244
Health.25,PIH,0.5401039071952174,0.014874386164685787,0.05707778805778948,0.12148601523023272,0.2664579033520746,0.18032721358702358,0.17262389781047333,0.22660953586646207,0.18013517478962313,0.240304177946418,CH,commensal,dysbiotic,-0.011414881459233472,0.18409108089947662
Health.26,PIH,0.37128047609905934,0.021501247840276443,0.03417162603186792,0.12190439623728162,0.4511422537915147,0.15495737342555574,0.17402976718519292,0.23483524171815373,0.18591403631750825,0.25026358135358945,DH,dysbiotic,dysbiotic,-0.2131108815574782,0.324467061684739
Mucositis.20,PIM,0.6182212581344902,0.0,0.038322487346348515,0.09568570739937335,0.2477705471197879,0.19452660485617557,0.1707446582112359,0.22219302379504924,0.17651418252227358,0.23602153061526573,CH,commensal,dysbiotic,0.06896431178416079,0.1954851209816515
Peri-implantitis.15,PI,0.37185660781166396,0.00026752273943285177,0.3389513108614232,0.2691278758694489,0.019796682718031033,0.1550853835286106,0.17506042662002239,0.23511153558796236,0.18740368775373695,0.24733896650966788,CS,commensal,dysbiotic,-0.11706375838795244,-0.1971874565249383
Peri-implantitis.16,PI,0.14578254509995126,0.016772306192101415,0.02437835202340322,0.4519746465138957,0.36109215017064844,0.14180335273733743,0.1741719554472588,0.23417385506145175,0.20081919351799266,0.24903164323595933,DS,dysbiotic,dysbiotic,-0.5209986471933017,0.07853765306173888
Peri-implantitis.17,PI,0.16133704735376045,0.00924791086350975,0.05225626740947075,0.21649025069637884,0.5606685236768802,0.1433434808451614,0.17291805016602227,0.23803686067168997,0.1884625408050568,0.25723906751206965,DS,dysbiotic,dysbiotic,-0.4649027879408728,0.3423752543637427
Health.27,PIH,0.6325757575757576,0.003787878787878788,0.10606060606060606,0.25,0.007575757575757576,0.1970940265974416,0.17048791322073556,0.22062740325368518,0.17720576774984168,0.23458488917829606,CH,commensal,dysbiotic,0.09455018830590034,-0.09294635350877846
Peri-implantitis.18,PI,0.6148089799133517,0.028357621110673494,0.265852697912564,0.07365104371799922,0.01732965734541158,0.1937450219702448,0.17091873754432116,0.22284958393832893,0.1763239960300003,0.2361626605171048,CS,commensal,dysbiotic,0.16955043632414885,-0.0595882616934499
Mucositis.21,PIM,0.6931034482758621,0.08364073777064956,0.18035284683239775,0.04290296712109062,0.0,0.20909489005682685,0.16903291290883404,0.2176485867465842,0.17276012574563585,0.23146348454211904,CS,commensal,dysbiotic,0.2504215769423495,-0.023654271871495935
Mucositis.22,PIM,0.6984126984126984,0.006328457308849466,0.22772071791679635,0.06753812636165578,0.0,0.2098713702848897,0.16879854282769977,0.21758813711261868,0.17244737391832804,0.23129457585646387,CS,commensal,dysbiotic,0.2433277496966027,-0.0489597047737656
Mucositis.23,PIM,0.2898094188061112,0.018270593794298316,0.29453457237360214,0.37942983146952275,0.017955583556465586,0.14741925239501302,0.17524887591398136,0.23497693419742546,0.1942594676316155,0.24809546986196468,CS,commensal,dysbiotic,-0.23678608775879514,-0.24356858627025424
Mucositis.24,PIM,0.41012216404886565,0.07543145239480319,0.054876866395191,0.39926313748303277,0.060306379678107425,0.15882259691630365,0.17430617895883085,0.2298598041755004,0.19301735694577868,0.24399406300358642,CH,commensal,dysbiotic,-0.17479227885115278,-0.1261710741024087
Mucositis.25,PIM,0.7496022108701114,0.03609412946989364,0.08709488317561344,0.10149903693158027,0.025709739552801272,0.22004000397225448,0.16748944250276615,0.21413654879954333,0.1701726257894533,0.2281613789359828,CH,commensal,dysbiotic,0.2530472280019925,0.00836871741667791
Mucositis.26,PIM,0.5960484023444885,0.0040650406504065045,0.11939875212705615,0.2782189449801475,0.0022688598979013048,0.19006165207629774,0.1713298083152882,0.22251702089130704,0.17961966817155267,0.23647185054555436,CH,commensal,dysbiotic,0.05423843329378675,-0.1185957961953806
Mucositis.27,PIM,0.3060275080906149,0.03377831715210356,0.10942556634304207,0.45287216828478966,0.09789644012944984,0.14761811717457923,0.17462704930445128,0.2317460627217407,0.19996986559549698,0.24603890520373184,CH,commensal,dysbiotic,-0.29561660341933627,-0.14867890046984
Health.28,PIH,0.35217021276595745,0.05565957446808511,0.1909787234042553,0.40102127659574466,0.00017021276595744682,0.1523216415450233,0.1748794569493546,0.23205995024220585,0.1947596123761966,0.2459793388872197,CH,commensal,dysbiotic,-0.1948953329018045,-0.227430140469157
Health.29,PIH,0.6626610505450942,0.007309217046580773,0.1785183349851338,0.15151139742319128,0.0,0.20316904132171,0.16980289995880185,0.2193800222512631,0.17447723894070818,0.23317079752751682,CS,commensal,dysbiotic,0.17208629562778383,-0.0749357614867671
Health.30,PIH,0.3555361432627211,0.0514304433282376,0.177222100895392,0.4158113125136493,0.0,0.15240897956017568,0.17471721636546317,0.23152955886074572,0.1957578646823406,0.24558638053127488,CH,commensal,dysbiotic,-0.1999766012662199,-0.22934451350487328
Health.31,PIH,0.45296278549752433,0.01836767289570356,0.5269126337645743,0.0014374700527072352,0.00031943778949049674,0.16269095601588146,0.17258261551521145,0.23937791243051781,0.17999546146473316,0.2453530545736562,CS,commensal,dysbiotic,0.09252320299012629,-0.1445373370499841
Peri-implantitis.19,PI,0.2840881569387261,0.023492371034148703,0.05425042383143618,0.14507144587067086,0.49309760232501815,0.14780983403557704,0.17400543256756829,0.23708559376215163,0.1875235217143171,0.2535756179203858,DH,dysbiotic,dysbiotic,-0.30795111842650974,0.33210933503549417
Health.32,PIH,0.7071886446886447,0.0010302197802197802,0.2794184981684982,0.008585164835164836,0.0037774725274725275,0.2111485134853861,0.16843139231361862,0.2175734548382368,0.1718351621199293,0.23101147724282903,CS,commensal,dysbiotic,0.279625342221919,-0.03502452609818481
Health.33,PIH,0.11131296449215525,0.01106523534269199,0.06820809248554913,0.37753922378199833,0.4318744838976053,0.14259034290180805,0.17427207260586433,0.23633423722193006,0.19504843860507315,0.2517549086653244,DS,dysbiotic,dysbiotic,-0.5359868375918768,0.15239997629316973
Health.34,PIH,0.8274892180761297,0.01518844927807988,0.035439714982186385,0.02381398837427339,0.09806862928933058,0.23498613055646062,0.1653113768174435,0.20956368971860664,0.16638967482113645,0.22374912808635286,CH,commensal,commensal,0.3242900425753486,0.129098296907226
Health.35,PIH,0.7523954703832753,0.11824912891986063,0.06184668989547038,0.059233449477351915,0.008275261324041812,0.22061418090534485,0.16748335268293557,0.21394832652324386,0.16998285545083827,0.22797128443763742,CH,commensal,dysbiotic,0.28240440272897366,0.020918515250497306
Health.36,PIH,0.6695720386995555,0.23132572125860718,0.05639327115837183,0.04140155146866556,0.0013074174147999652,0.20452104285777314,0.1705337836921116,0.21862946421785495,0.17388357704749072,0.23243213218476963,CH,commensal,dysbiotic,0.22934424803847203,0.014573690333405014
Health.37,PIH,0.5503735567127009,0.12949966040298846,0.010867104369481548,0.1888159384197419,0.12044374009508717,0.18245206065719874,0.17270196759489606,0.22557091196462678,0.18007375736308404,0.23920130242019438,CH,commensal,dysbiotic,0.016523348040648145,0.04842485684903067
Mucositis.28,PIM,0.8609117771211482,0.005698607007176023,0.034613761080624736,0.05382017728999578,0.0449556775010553,0.24134894758987313,0.16437558731038837,0.20759713394584572,0.16482330133257386,0.22185502982131888,CH,commensal,commensal,0.3551919052901234,0.07587491167469197
Peri-implantitis.20,PI,0.39640387275242045,0.0035961272475795295,0.05255878284923928,0.36542185338865835,0.18201936376210234,0.1576371147451344,0.17467865222006626,0.23120597044904936,0.19136032019157115,0.24511794239417878,CH,commensal,dysbiotic,-0.21428847150212052,-0.010623721974250223
Mucositis.29,PIM,0.6340294419719275,0.011982197877439232,0.1062992125984252,0.2468332762752482,0.0008558712769599452,0.19740430318719585,0.17047018672448644,0.2205522621503777,0.17706856451736233,0.23450468342057762,CH,commensal,dysbiotic,0.09980616671498149,-0.09704429785476526
Peri-implantitis.21,PI,0.23606102635228848,0.030790568654646324,0.15755894590846048,0.567128987517337,0.008460471567267683,0.1410418434318385,0.1728991431926245,0.22884666380570962,0.2132369011269412,0.2439754484428861,CH,commensal,dysbiotic,-0.37273406766844,-0.29776465178411043
Health.38,PIH,0.5679923965492031,0.27569820149144614,0.07062436028659161,0.08444216990788127,0.0012428717648779062,0.18551681845794712,0.17402259592443164,0.22419753392877187,0.17853925124631553,0.2377238004425338,CH,commensal,dysbiotic,0.12896745531331283,-0.021541286615365383
Peri-implantitis.22,PI,0.546839546191248,0.066612641815235,0.16985413290113452,0.2160453808752026,0.0006482982171799027,0.18162709932581397,0.1726440733924224,0.225799149161923,0.18051747839924878,0.23941219972059183,CS,commensal,dysbiotic,0.04899127992998281,-0.11445884352763662
Health.39,PIH,0.7439646967206023,0.004066799342389894,0.10487150644630959,0.09950679242017825,0.04759020507052003,0.2189413231964815,0.16762466450405195,0.21449449637499787,0.17043729168113297,0.2285022242433359,CH,commensal,dysbiotic,0.24186289423168789,0.021161484959255912
Peri-implantitis.23,PI,0.06081412457086807,0.0062530652280529675,0.06927415399705739,0.8401177047572339,0.023540951446787643,0.12959985747745859,0.16583289199472837,0.21580198965509834,0.25533060897089443,0.23343465190182025,DS,dysbiotic,dysbiotic,-0.6542315951968782,-0.3996364593309947
Health.40,PIH,0.44891640866873067,0.0696594427244582,0.05386996904024768,0.20526315789473684,0.22229102167182663,0.1658695293720394,0.17450183616576787,0.23085192858962822,0.18446395581219976,0.24431275006036485,CH,commensal,dysbiotic,-0.1080114497345088,0.09995994030373405
Health.41,PIH,0.6371293209334971,0.043516406387085454,0.10615897525881733,0.19442007369713984,0.018775223723460258,0.1982846929097184,0.17047799935911614,0.220643637195203,0.1761057405295714,0.23448793000639112,CH,commensal,dysbiotic,0.12181955004271061,-0.05845034601283265
Mucositis.30,PIM,0.6143790849673203,0.036511156186612576,0.32792427315753886,0.020734730673878748,0.000450755014649538,0.19310927159497884,0.17074217310628045,0.2237182510176123,0.1759836726026713,0.23644663167845714,CS,commensal,dysbiotic,0.20366271407977538,-0.06997806155602827
Mucositis.31,PIM,0.4788661522978866,0.009896008050989601,0.06122106675612211,0.3762160348876216,0.07380073800738007,0.1688099378461144,0.17337126687329982,0.22733655126469932,0.18899410894787325,0.2414881350680132,CH,commensal,dysbiotic,-0.11458704551689178,-0.0982804762591576
Mucositis.32,PIM,0.6978434130332865,0.030707923112986403,0.14603844350679793,0.11040787623066103,0.015002344116268168,0.20999725353752094,0.1688885651456264,0.2172829584176634,0.17266463119807052,0.23116659170111883,CS,commensal,dysbiotic,0.21371501930795905,-0.029578593999514867
Mucositis.33,PIM,0.3424242424242424,0.047474747474747475,0.5208754208754208,0.08922558922558922,0.0,0.1500747652821658,0.17402145293950033,0.24323792892671856,0.1834767393663336,0.24918911348528175,CS,commensal,dysbiotic,-0.03771551277507579,-0.19535748202403377
Mucositis.34,PIM,0.5459940652818991,0.12025612993909104,0.1814774324535374,0.15211619553334374,0.00015617679212868969,0.18168502643641668,0.17277650002833406,0.22607262127974553,0.1799003394804995,0.23956551277500426,CS,commensal,dysbiotic,0.08092720450338664,-0.09033532572515814
Mucositis.35,PIM,0.6607289107289107,0.02364864864864865,0.027948402948402947,0.2418099918099918,0.04586404586404586,0.20249668900407752,0.16978989370601183,0.21900038361819024,0.17570269343724007,0.23301034023448033,CH,commensal,dysbiotic,0.10429974233286432,-0.029128377860171265
Mucositis.36,PIM,0.39160652232023524,0.03127506014434643,0.04330392943063352,0.17829457364341086,0.355519914461374,0.15789279683537344,0.17473236682349053,0.23373228151841302,0.18597286539152663,0.24766968943119638,CH,commensal,dysbiotic,-0.18944379946253415,0.21933287526267167
Peri-implantitis.24,PI,0.7545454545454545,0.08060606060606061,0.10181818181818182,0.010303030303030303,0.05272727272727273,0.2210168208927181,0.16736829626785946,0.21387681413313536,0.16984550970133855,0.22789255900494848,CS,commensal,dysbiotic,0.29292671779670126,0.06724205856485704
Mucositis.37,PIM,0.31451612903225806,0.1774193548387097,0.06451612903225806,0.10483870967741936,0.3387096774193548,0.15097200231219005,0.17589187332413514,0.2360344352098014,0.1875229389273894,0.24957875022648393,CH,commensal,dysbiotic,-0.2057368566026448,0.22166508319436456
Mucositis.38,PIM,0.26146788990825687,0.04128440366972477,0.08256880733944955,0.6077981651376146,0.006880733944954129,0.14091150872085395,0.17200095521909992,0.22661211968127468,0.21828475697363017,0.24219065940514137,CH,commensal,dysbiotic,-0.3746117298910669,-0.29017273223042567
Peri-implantitis.25,PI,0.08403361344537816,0.023600929733595566,0.002324333988914715,0.5351332022170571,0.35490792061505455,0.13957899440627225,0.1729274418870794,0.23138897942968345,0.20926137412940746,0.24684321014755747,DS,dysbiotic,dysbiotic,-0.6090942716147769,0.03595349888291954
Peri-implantitis.26,PI,0.20843361894676038,0.023779724655819776,0.061808029267353425,0.3857706748820641,0.3202079522480023,0.14411658961609947,0.17512780628272304,0.2353949025836277,0.19586986179415067,0.2494908397233992,DS,dysbiotic,dysbiotic,-0.4226502691724243,0.06958578678296705
Peri-implantitis.27,PI,0.19204389574759945,0.013717421124828532,0.02606310013717421,0.24279835390946503,0.5253772290809328,0.14403092503261083,0.1735339238638466,0.23780099024769646,0.1891210221647868,0.25551313869105935,DS,dysbiotic,dysbiotic,-0.4415747261626849,0.31337401675046
Peri-implantitis.28,PI,0.1692831473425383,0.0380177794590505,0.02969547947796482,0.6124456213353509,0.15055797238509552,0.13808123969367175,0.17194290549168995,0.22733677731537333,0.21976129457385213,0.24287778292541293,CH,commensal,dysbiotic,-0.5040518529997173,-0.1669438163532133
Peri-implantitis.29,PI,0.20993560257589697,0.04250229990800368,0.059429622815087395,0.6069917203311868,0.08114075436982521,0.13907666291526,0.17208609105694272,0.22726880396250368,0.21878504087388062,0.24278340119141292,CH,commensal,dysbiotic,-0.4428260054690179,-0.2268668224072254
Peri-implantitis.30,PI,0.07878017789072427,0.005082592121982211,0.0013977128335451081,0.5903430749682338,0.3243964421855146,0.13806507468321433,0.1719963491578423,0.2289819702731313,0.2162701274196728,0.2446864784661392,DS,dysbiotic,dysbiotic,-0.6294819662414871,-0.014306223892263955
Health.42,PIH,0.5800091178481879,0.0020515158422612263,0.3453385001139731,0.07191702758149077,0.0006838386140870754,0.18661716445479506,0.17148859962592974,0.22601157536491062,0.17746918192737668,0.23841347862698792,CS,commensal,dysbiotic,0.15150741714555555,-0.10221259723712194
Peri-implantitis.31,PI,0.000999000999000999,0.0,0.0002724548179093634,0.25519934610843703,0.7435291980746527,0.14030567609400893,0.16824127231811617,0.23650334666186087,0.18614148980404316,0.26880821512197073,DS,dysbiotic,dysbiotic,-0.6792533466057791,0.4745376995713847
Health.43,PIH,0.8278886872353297,0.0054446460980036296,0.14972776769509982,0.011343012704174229,0.00559588626739262,0.2349913408957736,0.16527915416397354,0.20962734946732378,0.16632596564916485,0.22377618982376413,CS,commensal,commensal,0.36841363177983594,0.021268064515465816
Health.44,PIH,0.6780557250355909,0.1767337807606264,0.08887533048606874,0.04860687411022981,0.007728289607484238,0.20625456128251674,0.16974519193212995,0.21831284840179077,0.17353523949564115,0.2321521588879214,CH,commensal,dysbiotic,0.23070620895950317,0.007462756942896503
Health.45,PIH,0.09988331388564761,0.05554259043173862,0.3929988331388565,0.4515752625437573,0.0,0.14052655867255798,0.17418802183772564,0.23672475171963686,0.19995040682302206,0.24861026094705735,DH,dysbiotic,dysbiotic,-0.41182589932287295,-0.3450925958679433
Health.46,PIH,0.7586732103570825,0.06363174818074124,0.09104755457776273,0.08630902013877137,0.00033846674564224065,0.22183846987433917,0.16725499560170343,0.2135828137288351,0.16970014845503653,0.22762357234008576,CH,commensal,dysbiotic,0.2773810941294658,-0.006199516343148222
Health.47,PIH,0.6488634557304085,0.06882848513749801,0.1859799713876967,0.08615482435224925,0.010173263392147512,0.20056510158643065,0.17018212995915444,0.22031129785373973,0.17492493716595633,0.23401653343471882,CS,commensal,dysbiotic,0.19054042436127888,-0.04155416129926634
Health.48,PIH,0.8299465240641711,0.05315508021390374,0.10160427807486631,0.013582887700534759,0.001711229946524064,0.2354863228722041,0.16525845592850166,0.2094166003206291,0.16624169512422882,0.22359692575443632,CH,commensal,commensal,0.3691818781091613,0.032569374694929806
Health.49,PIH,0.6496934604904632,0.029802452316076294,0.1723433242506812,0.13266348773841963,0.015497275204359673,0.20071193490393893,0.17015182391758196,0.22018134410333165,0.17502196608331574,0.23393293099183168,CS,commensal,dysbiotic,0.16548132665858317,-0.053291414052015124
Health.50,PIH,0.7152808988764044,0.07303370786516854,0.1991011235955056,0.010337078651685393,0.0022471910112359553,0.21322988705756818,0.16839334826262534,0.2164470857026318,0.17166065680749298,0.23026902216968176,CS,commensal,dysbiotic,0.2836712763709311,-0.010580240566148076
Health.51,PIH,0.42966983265490727,0.15377657168701944,0.07960199004975124,0.23111714156490276,0.10583446404341927,0.16328274416197133,0.17507604893520837,0.23135278479200008,0.1855367213730489,0.24475170073777122,CH,commensal,dysbiotic,-0.09158397017386807,-0.019146073554729325
Health.52,PIH,0.10234986945169713,0.0839425587467363,0.6163185378590078,0.1954308093994778,0.0019582245430809398,0.1391122478718111,0.1729708940604314,0.25247683685109523,0.18384108864806817,0.2515989325685941,CS,commensal,dysbiotic,-0.2764912913992944,-0.3005644893131032
Health.53,PIH,0.6359063648674792,0.08957245115109305,0.261172373766686,0.01044689495066744,0.002901915264074289,0.1977440935124083,0.17042129685246,0.2215749582230459,0.1753003734723152,0.2349592779397707,CS,commensal,dysbiotic,0.22305594711048865,-0.03953663388947872
Health.54,PIH,0.3525073746312684,0.05309734513274336,0.584070796460177,0.0058997050147492625,0.004424778761061947,0.14950657885256155,0.17301853160262032,0.24694565124483647,0.18161830658806963,0.24891093171191214,CS,commensal,dysbiotic,0.011884601288614405,-0.17357268475235585
Health.55,PIH,0.32838927920895133,0.02419984387197502,0.018214936247723135,0.6193078324225865,0.009888108248763986,0.14474648143313304,0.17144031021995207,0.22473451519275023,0.2185509736128893,0.24052771954127541,CH,commensal,dysbiotic,-0.3309673739453728,-0.2641152391302883
